tahun,nama_provinsi,nama_kabupaten/kota,nama_kecamatan,nama_kelurahan,belum/tidakbekerja,mengurus_rumah_tangga,pelajar/mahasiswa,pensiunan,pegawai_negeri_sipil,tentara_nasional_indonesia,kepolisian_ri,perdagangan,petani_pekebun,peternak,nelayan/perikanan,industri,konstruksi,transportasi,karyawan_swasta,karyawan_bumn,karyawan_bumd,karyawan_honorer,buruh_harian_lepas,buruh_tani_perkebunan,buruh_nelayan_perikanan,buruh_peternakan,pembantu_rumah_tangga,tukang_cukur,tukang_listrik,tukang_batu,tukang_kayu,tukang_sol_sepatu,tukang_las_pandai_besi,tukang_jahit,tukang_gigi,penata_rias,penata_busana,penata_rambut,mekanik,seniman,tabib,paraji,perancang_busana,penterjemah,imam_mesjid,pendeta,pastor,wartawan,ustadz_mubaligh,juru_masak,promotor_acara,anggota_dpr_ri,anggota_dpd,anggota_bpk,presiden,wakil_presiden,anggota_mahkamah_konstitusi,anggota_kabinet_kementerian,duta_besar,gubernur,wakil_gubernur,bupati,wakil_bupati,walikota,wakil_walikota,anggota_dprd_provinsi,anggota_dprd_kabupaten_kota,dosen,guru,pilot,pengacara,notaris,arsitek,akuntan,konsultan,dokter,bidan,perawat,apoteker,psikiater_psikolog,penyiar_televisi,penyiar_radio,pelaut,peneliti,sopir,pialang,paranormal,pedagang,perangkat_desa,kepala_desa,biarawati,wiraswasta,lainnya,hakim
2014,PROVINSI DKI JAKARTA,KAB.ADM.KEP.SERIBU,KEP. SERIBU UTR,P. PANGGANG,1508,1475,1603,21,185,4,10,6,0,0,918,1,4,0,197,1,0,90,63,0,1,0,0,0,0,0,0,0,0,0,0,0,0,0,0,1,0,0,0,0,0,0,0,1,0,0,0,0,0,0,0,0,0,0,0,0,0,0,0,0,0,0,0,2,101,0,0,0,0,0,0,1,7,9,0,0,0,0,0,0,0,0,0,11,0,0,0,114,24,0
2014,PROVINSI DKI JAKARTA,KAB.ADM.KEP.SERIBU,KEP. SERIBU UTR,P. KELAPA,1473,1613,1539,9,65,0,9,2,0,1,1051,4,10,0,212,0,0,17,200,0,26,0,0,0,0,0,1,0,0,0,0,0,0,0,2,0,0,0,0,0,0,0,0,0,0,0,0,0,0,0,0,0,0,0,0,0,0,0,0,0,0,0,0,2,59,0,0,0,0,0,0,1,6,6,0,0,0,0,1,0,0,0,0,9,0,0,0,129,10,0
2014,PROVINSI DKI JAKARTA,KAB.ADM.KEP.SERIBU,KEP. SERIBU UTR,P. HARAPAN,476,564,521,2,30,0,2,0,1,0,470,0,2,0,51,0,0,20,33,0,2,0,0,0,0,0,0,0,0,0,0,0,0,0,0,0,0,0,0,0,0,0,0,0,1,0,0,0,0,0,0,0,0,0,0,0,0,0,0,0,0,0,0,0,31,0,0,0,0,0,0,0,2,2,0,0,0,0,1,0,0,0,0,0,0,0,0,26,3,0
2014,PROVINSI DKI JAKARTA,KAB.ADM.KEP.SERIBU,KEP. SERIBU SLT,P. UNTUNG JAWA,526,507,500,11,39,1,11,8,3,0,284,0,4,0,68,0,0,7,8,0,4,0,0,0,0,0,0,0,0,0,0,0,0,0,0,0,0,0,0,0,0,0,0,0,0,0,0,0,0,0,0,0,0,0,0,0,0,0,0,0,0,0,0,0,24,0,0,0,0,0,0,0,1,1,0,0,0,0,2,0,0,0,0,14,0,0,0,135,25,0
2014,PROVINSI DKI JAKARTA,KAB.ADM.KEP.SERIBU,KEP. SERIBU SLT,P. TIDUNG,1205,1163,1160,14,117,0,8,4,0,1,776,0,10,0,126,1,1,77,46,0,0,0,0,0,0,0,0,0,0,0,0,0,0,0,0,0,0,0,0,0,0,0,0,0,0,0,0,0,0,0,0,0,0,0,0,0,0,0,0,0,0,0,0,0,121,0,0,0,0,0,0,0,4,7,0,0,0,0,19,0,0,0,0,16,0,0,0,152,14,0
2014,PROVINSI DKI JAKARTA,KAB.ADM.KEP.SERIBU,KEP. SERIBU SLT,P. PARI,587,686,722,2,12,1,0,2,1,0,591,0,14,0,33,0,0,9,11,1,1,0,0,0,0,0,0,0,0,0,0,0,0,0,0,0,0,0,0,0,0,0,0,0,0,0,0,0,0,0,0,0,0,0,0,0,0,0,0,0,0,0,0,0,35,0,0,0,0,0,0,1,5,5,0,0,0,0,1,0,0,0,0,2,0,0,0,67,32,0
2014,PROVINSI DKI JAKARTA,JAKARTA PUSAT,GAMBIR,GAMBIR,381,564,780,77,81,133,4,1,0,0,0,2,0,0,956,8,0,5,18,0,0,0,2,0,0,0,1,0,0,0,0,0,0,0,0,0,0,0,0,0,0,11,0,0,0,0,0,0,0,0,1,0,0,0,0,0,0,0,0,0,0,0,0,3,21,1,3,0,0,0,2,8,4,2,0,1,0,0,4,0,4,0,0,48,0,0,0,256,27,0
2014,PROVINSI DKI JAKARTA,JAKARTA PUSAT,GAMBIR,CIDENG,2458,3709,4271,256,186,17,204,4,0,1,0,5,7,2,5726,27,6,18,163,2,0,0,2,0,0,0,0,0,0,2,0,0,0,0,8,7,0,0,0,0,0,11,0,10,0,1,0,3,0,0,0,0,1,0,0,0,0,0,0,0,0,0,0,23,87,2,17,5,2,0,4,89,4,9,0,0,0,0,4,0,62,0,1,181,0,0,1,1080,201,0
2014,PROVINSI DKI JAKARTA,JAKARTA PUSAT,GAMBIR,PETOJO UTARA,3171,4366,4892,119,97,13,7,0,1,0,0,0,1,0,7104,20,1,7,350,0,0,0,11,0,0,0,0,0,0,8,0,0,0,2,10,11,0,0,1,0,0,24,28,8,1,0,0,1,0,0,0,0,0,0,0,0,0,0,0,0,0,0,0,12,89,0,6,4,4,2,5,66,2,7,1,0,0,0,2,0,76,0,0,283,0,1,1,991,78,0
2014,PROVINSI DKI JAKARTA,JAKARTA PUSAT,GAMBIR,PETOJO SELATAN,2459,3443,3815,136,169,664,12,3,0,0,1,7,4,1,5126,24,2,9,238,0,0,0,11,0,0,0,0,0,0,7,0,0,0,1,5,12,0,0,0,0,0,10,1,7,0,0,0,0,0,0,0,0,0,0,0,0,0,0,0,0,0,1,0,12,62,0,13,6,3,0,3,64,7,7,0,0,0,0,4,0,87,0,1,119,0,0,0,930,134,1
2014,PROVINSI DKI JAKARTA,JAKARTA PUSAT,GAMBIR,KEBON KELAPA,1674,2594,2820,63,72,9,5,0,1,0,0,1,4,0,3597,17,1,2,301,0,0,0,1,0,0,0,0,0,0,1,0,0,0,0,1,11,0,0,0,1,0,7,0,3,0,0,0,1,1,0,0,0,0,0,0,0,0,0,0,0,0,0,0,13,29,0,7,0,0,0,1,23,1,1,0,0,0,0,1,0,36,0,0,177,0,0,25,696,83,0
2014,PROVINSI DKI JAKARTA,JAKARTA PUSAT,GAMBIR,DURI PULO,4172,5238,5622,137,205,15,15,0,0,0,0,4,3,2,7082,32,0,12,438,0,0,0,6,1,0,0,0,0,0,23,2,0,0,0,8,4,0,0,1,0,0,7,0,11,2,0,0,0,0,0,0,0,0,0,0,0,0,0,0,0,0,0,0,8,138,0,0,2,0,0,3,30,6,10,0,1,0,0,0,0,180,0,0,387,0,0,2,1203,167,0
2014,PROVINSI DKI JAKARTA,JAKARTA PUSAT,SAWAH BESAR,PASAR BARU,2155,3440,3334,65,64,67,4,0,1,0,1,2,1,0,4318,12,0,14,259,0,0,0,6,0,0,0,0,0,0,2,0,0,0,0,5,0,1,0,0,2,0,22,8,3,0,0,0,0,0,0,0,0,0,0,0,0,0,0,0,0,0,0,0,11,63,0,7,5,2,0,3,63,0,2,0,0,0,0,0,1,73,0,0,421,0,0,21,1071,96,0
2014,PROVINSI DKI JAKARTA,JAKARTA PUSAT,SAWAH BESAR,KARANG ANYAR,4912,7286,7361,57,83,23,16,5,0,0,0,1,1,0,9204,11,1,4,1117,0,0,0,6,0,0,0,0,0,0,8,0,0,0,0,8,2,0,0,0,0,0,8,0,6,0,0,0,1,0,0,0,0,0,0,0,0,0,0,0,0,0,0,0,3,123,0,4,1,0,0,0,33,3,10,1,0,1,0,4,0,96,0,0,201,0,0,1,2306,180,0
2014,PROVINSI DKI JAKARTA,JAKARTA PUSAT,SAWAH BESAR,KARTINI,3908,6149,6186,123,67,23,14,0,0,0,1,6,3,6,8151,9,0,5,701,1,0,0,2,0,0,0,0,0,0,17,0,2,0,1,7,10,1,0,0,0,0,20,0,7,1,0,0,0,0,0,0,0,0,0,0,0,0,0,0,0,0,0,0,11,100,0,6,0,0,1,3,36,1,11,0,0,0,0,4,0,160,0,0,297,0,0,11,1718,141,0
2014,PROVINSI DKI JAKARTA,JAKARTA PUSAT,SAWAH BESAR,GUNUNG SAHARI UTARA,2535,4219,4449,228,96,26,5,1,0,0,1,9,0,0,5934,52,0,2,441,0,0,0,7,0,0,0,0,0,0,12,0,0,0,0,3,6,0,0,0,1,0,15,0,14,0,0,0,0,0,0,0,0,0,0,0,0,0,0,0,0,0,0,0,12,87,8,14,1,2,0,2,68,0,4,1,0,0,0,7,1,49,0,0,222,0,0,0,1103,99,0
2014,PROVINSI DKI JAKARTA,JAKARTA PUSAT,SAWAH BESAR,MANGGA DUA SELATAN,5357,7134,7130,125,47,11,7,0,1,0,1,15,10,3,11280,9,1,1,699,0,1,0,2,1,0,0,1,0,1,10,1,0,0,0,9,5,1,0,0,0,0,3,0,7,2,0,0,0,0,0,0,0,0,0,0,0,0,0,0,0,0,0,0,4,69,0,5,0,0,0,0,34,4,16,2,0,0,0,6,0,85,0,0,271,0,0,0,2911,263,0
2014,PROVINSI DKI JAKARTA,JAKARTA PUSAT,KEMAYORAN,KEMAYORAN,4293,5170,5322,192,133,26,11,65,2,0,0,5,8,8,7052,23,6,7,680,0,0,0,4,0,0,0,0,0,0,5,0,0,0,1,7,4,0,0,0,0,0,14,0,12,0,0,0,0,0,0,0,0,0,0,0,0,0,0,0,0,1,0,0,9,125,0,6,2,3,1,4,39,6,4,0,0,0,0,1,0,107,0,0,264,1,0,0,1410,190,0
2014,PROVINSI DKI JAKARTA,JAKARTA PUSAT,KEMAYORAN,KEBON KOSONG,5570,6297,7448,300,306,33,22,26,1,0,1,9,1,0,9434,68,2,24,397,0,0,0,1,0,0,0,0,0,0,8,0,0,0,0,5,6,0,0,0,0,0,17,0,14,0,0,0,0,0,0,0,0,6,0,0,0,0,0,0,0,0,0,0,18,174,1,11,0,0,1,3,38,8,8,1,0,0,0,11,0,99,0,0,288,0,0,0,1507,201,0
2014,PROVINSI DKI JAKARTA,JAKARTA PUSAT,KEMAYORAN,HARAPAN MULIA,4036,5328,6378,305,358,36,13,1,0,0,1,4,1,12,7125,74,8,21,926,0,1,0,4,0,0,0,0,0,0,13,0,0,0,0,8,11,0,0,0,0,0,2,0,12,1,0,0,1,0,0,0,0,0,0,0,0,0,0,0,0,0,0,0,21,259,2,6,3,2,0,2,29,5,21,1,0,0,0,7,0,102,0,0,339,0,0,0,1616,152,0
2014,PROVINSI DKI JAKARTA,JAKARTA PUSAT,KEMAYORAN,SERDANG,6061,6674,8268,783,711,50,36,5,0,1,0,4,2,2,9686,243,7,31,598,0,0,0,3,1,0,0,1,0,0,6,0,0,0,0,1,12,0,0,1,0,1,5,0,25,1,0,0,0,0,0,0,0,0,0,0,0,0,0,0,0,0,0,0,23,385,0,10,1,1,0,4,30,6,26,3,0,0,0,4,0,89,0,0,302,0,0,0,1828,88,0
2014,PROVINSI DKI JAKARTA,JAKARTA PUSAT,KEMAYORAN,GUNUNG SAHARI SELATAN,3475,4846,5570,271,241,53,99,1,0,0,0,5,2,0,6616,75,2,8,255,1,0,0,5,0,0,0,0,0,1,7,0,0,1,0,4,6,0,0,0,0,0,13,1,15,1,0,0,1,0,0,0,0,0,0,0,0,0,0,0,0,0,0,0,15,100,4,9,3,0,1,3,42,5,18,1,0,0,0,13,0,73,0,0,254,0,0,0,1185,430,0
2014,PROVINSI DKI JAKARTA,JAKARTA PUSAT,KEMAYORAN,CEMPAKA BARU,6187,7426,8894,651,621,58,39,2,1,0,0,7,10,4,9798,228,13,32,651,0,0,0,2,0,0,0,2,0,1,12,0,0,0,1,7,31,0,0,0,0,0,29,1,25,4,0,0,0,0,0,0,0,0,0,0,0,0,0,0,0,0,0,0,38,377,2,19,4,3,0,8,63,16,39,1,0,0,0,16,0,149,0,0,566,0,0,0,2893,253,1
2014,PROVINSI DKI JAKARTA,JAKARTA PUSAT,KEMAYORAN,SUMUR BATU,3971,4897,6493,480,476,53,34,3,0,0,0,5,8,3,7382,141,7,6,397,0,0,0,6,0,0,0,0,0,0,1,0,0,0,0,1,11,0,0,0,0,0,13,0,31,0,0,0,1,0,0,0,0,1,0,1,0,0,0,0,0,0,1,0,42,262,3,33,2,2,0,2,100,17,26,7,0,0,0,5,0,68,0,0,277,0,0,1,2109,135,0
2014,PROVINSI DKI JAKARTA,JAKARTA PUSAT,KEMAYORAN,UTAN PANJANG,5777,6952,8033,274,303,33,21,1,0,0,0,3,2,3,8169,78,3,15,1143,0,0,0,1,1,0,0,0,0,0,7,0,0,0,0,2,15,0,0,0,1,0,1,1,10,0,0,0,0,0,0,0,0,0,0,0,0,0,0,0,0,0,0,1,10,214,0,6,1,2,0,0,25,7,24,2,0,0,0,10,0,122,1,0,730,0,0,0,2270,181,1
2014,PROVINSI DKI JAKARTA,JAKARTA PUSAT,SENEN,SENEN,1391,1579,1720,65,85,84,163,2,0,0,0,2,3,1,1933,17,2,6,195,0,0,0,3,0,0,0,0,0,0,1,0,1,0,0,1,6,0,0,0,0,0,15,0,6,0,0,0,0,0,0,0,0,0,0,0,0,0,0,0,0,0,0,0,5,22,0,2,1,0,0,3,46,6,21,2,1,0,0,5,0,38,0,0,222,0,1,0,821,31,0
2014,PROVINSI DKI JAKARTA,JAKARTA PUSAT,SENEN,KENARI,1491,1977,2521,120,136,51,15,1,1,0,0,1,1,1,3042,35,4,7,109,0,0,0,2,0,0,0,0,0,0,0,0,0,0,0,5,2,0,0,0,0,0,24,41,13,0,0,0,1,0,0,0,0,0,0,0,0,0,0,0,0,0,0,0,28,51,1,9,4,3,2,4,36,2,19,1,1,0,0,6,0,29,0,0,85,0,0,15,837,57,0
2014,PROVINSI DKI JAKARTA,JAKARTA PUSAT,SENEN,PASEBAN,4366,5222,6590,393,478,45,23,11,0,0,0,3,6,5,7430,98,6,28,546,0,0,0,7,0,0,0,0,0,0,4,0,0,0,0,3,17,0,0,0,1,0,9,5,25,1,0,0,0,0,0,0,0,0,0,0,0,0,0,0,0,0,0,0,50,179,0,16,4,4,0,4,105,4,50,0,0,0,1,6,3,153,0,0,351,0,0,30,1844,105,0
2014,PROVINSI DKI JAKARTA,JAKARTA PUSAT,SENEN,KRAMAT,6065,7177,7779,149,217,30,30,2,0,0,0,4,6,2,7493,38,0,4,1531,2,0,0,3,0,0,0,2,0,1,22,0,0,0,0,0,17,1,0,0,0,0,27,0,22,2,0,0,0,0,0,0,0,1,0,0,0,0,0,0,0,0,0,0,23,159,1,13,1,1,1,2,36,7,29,2,1,0,0,7,2,238,0,0,692,0,0,0,3194,130,0
2014,PROVINSI DKI JAKARTA,JAKARTA PUSAT,SENEN,KWITANG,2931,3997,4071,111,161,7,14,0,0,0,0,1,4,0,4835,15,0,7,614,0,0,0,1,0,0,0,0,0,0,3,0,0,1,0,15,5,0,0,1,0,0,10,0,11,1,0,0,0,0,0,0,0,0,0,0,0,0,0,0,0,0,0,0,12,53,0,3,3,3,0,2,38,1,3,1,0,0,0,1,0,150,0,0,310,0,0,0,1022,74,0
2014,PROVINSI DKI JAKARTA,JAKARTA PUSAT,SENEN,BUNGUR,3402,4667,4962,193,173,274,13,2,1,0,0,3,7,1,5600,22,2,14,521,0,0,0,10,0,0,0,0,0,0,0,0,0,0,1,15,7,0,0,2,0,0,18,0,10,1,0,0,0,0,0,0,0,0,0,0,0,0,0,0,0,0,0,0,26,101,0,10,5,2,1,2,59,3,11,2,0,0,0,2,0,116,0,0,347,0,0,0,1675,162,0
2014,PROVINSI DKI JAKARTA,JAKARTA PUSAT,CEMPAKA PUTIH,CEMPAKA PUTIH TIMUR,3839,5196,6654,672,598,43,16,9,1,0,0,5,10,6,8103,178,6,19,497,1,0,0,12,0,0,0,1,0,0,3,0,0,0,0,8,11,0,0,1,2,0,18,0,24,1,2,0,1,0,0,0,0,1,0,0,0,0,0,0,1,0,2,0,70,219,4,22,10,9,0,9,215,5,19,2,3,1,0,6,3,77,0,0,176,0,0,0,1515,258,0
2014,PROVINSI DKI JAKARTA,JAKARTA PUSAT,CEMPAKA PUTIH,CEMPAKA PUTIH BARAT,6437,7466,9769,767,847,174,41,8,2,0,0,6,2,3,10711,180,6,19,756,0,0,0,9,0,0,0,1,0,0,14,1,0,0,0,8,15,1,0,0,2,0,12,28,35,3,1,0,0,0,0,0,0,0,0,0,0,0,0,0,0,0,1,0,66,340,2,21,7,0,2,6,101,10,33,3,0,0,0,11,1,110,0,0,476,0,0,0,2062,269,0
2014,PROVINSI DKI JAKARTA,JAKARTA PUSAT,CEMPAKA PUTIH,RAWASARI,3823,4444,5907,548,654,52,24,1,1,0,1,4,5,2,7088,245,8,10,229,2,0,0,11,1,0,0,0,0,0,1,0,0,0,0,11,14,0,0,0,0,0,5,0,30,0,2,0,2,1,0,0,0,0,0,0,0,0,0,0,0,0,0,0,66,194,2,22,4,3,0,10,116,7,19,3,2,0,0,8,0,55,0,1,178,0,0,0,1885,164,0
2014,PROVINSI DKI JAKARTA,JAKARTA PUSAT,MENTENG,MENTENG,4667,6180,6969,363,335,25,17,9,0,0,1,14,21,5,7912,62,5,5,534,3,0,0,13,0,0,0,0,0,0,3,0,0,0,0,3,12,0,0,1,1,0,2,1,8,0,0,0,3,0,0,0,0,0,1,1,1,0,0,0,0,0,1,0,57,121,1,40,6,9,2,6,121,1,4,3,2,0,0,2,0,77,0,0,306,0,0,13,1978,226,0
2014,PROVINSI DKI JAKARTA,JAKARTA PUSAT,MENTENG,PEGANGSAAN,4221,5801,6544,304,365,23,27,3,0,0,1,5,2,3,6269,47,0,15,1460,1,0,0,8,0,0,0,0,0,0,2,0,0,0,0,3,20,0,3,0,0,0,26,0,19,0,0,1,0,0,0,0,0,0,0,0,0,0,0,0,0,0,0,0,37,146,1,19,5,3,1,2,48,4,14,0,0,0,0,8,1,90,1,0,221,1,0,0,1594,90,0
2014,PROVINSI DKI JAKARTA,JAKARTA PUSAT,MENTENG,CIKINI,1573,1982,2140,130,139,8,4,1,0,0,0,5,6,1,2657,35,2,2,221,0,0,0,3,0,0,0,0,0,0,0,0,0,0,0,0,18,0,0,0,0,0,7,0,6,0,0,0,1,0,0,0,0,0,0,0,0,0,0,0,0,0,0,0,17,37,0,10,1,1,0,3,39,1,39,1,0,0,0,0,0,18,0,0,87,0,0,0,664,55,0
2014,PROVINSI DKI JAKARTA,JAKARTA PUSAT,MENTENG,GONDANGDIA,553,861,1130,134,82,7,106,5,0,0,0,2,9,0,1096,17,0,0,9,0,0,0,3,0,0,1,0,0,0,0,0,0,0,0,0,8,0,0,0,0,0,9,2,8,0,0,0,1,1,0,0,0,0,2,1,0,0,0,0,0,0,0,0,19,15,1,14,7,6,2,3,108,0,9,0,1,0,0,2,0,1,0,0,29,0,0,9,555,73,0
2014,PROVINSI DKI JAKARTA,JAKARTA PUSAT,MENTENG,KEBON SIRIH,2343,3313,3381,118,151,12,8,1,0,0,1,11,6,0,3391,26,2,8,431,0,0,0,2,0,0,0,0,0,0,1,0,0,0,0,1,8,0,0,0,2,0,5,6,20,0,0,0,0,0,0,0,0,0,0,0,0,0,0,0,0,0,0,0,29,54,1,5,2,1,0,6,16,2,6,0,0,0,0,2,0,44,0,0,208,0,0,0,1975,77,0
2014,PROVINSI DKI JAKARTA,JAKARTA PUSAT,TANAH ABANG,GELORA,542,670,817,22,41,4,6,19,0,0,0,0,0,0,1039,10,0,2,49,0,0,0,0,0,0,0,1,0,0,2,0,0,0,0,0,1,0,0,0,0,0,5,1,1,0,1,0,3,0,0,0,0,0,0,0,0,0,0,0,0,0,0,0,7,22,2,0,0,0,0,0,5,1,1,0,0,0,0,0,0,10,0,0,74,0,0,0,292,27,0
2014,PROVINSI DKI JAKARTA,JAKARTA PUSAT,TANAH ABANG,BENDUNGAN HILIR,3336,4533,6111,539,540,86,57,5,1,0,0,3,2,5,6758,126,17,9,336,0,0,1,37,0,0,0,0,0,0,0,0,0,0,1,1,15,0,0,0,2,0,10,3,29,0,0,0,1,0,0,0,0,1,0,0,0,0,0,0,0,0,1,0,48,103,1,17,14,6,0,8,121,7,28,3,1,0,0,1,0,125,0,2,408,0,1,0,1919,186,0
2014,PROVINSI DKI JAKARTA,JAKARTA PUSAT,TANAH ABANG,KARET TENGSIN,3347,4056,5105,190,179,18,15,0,0,1,0,4,5,0,5445,59,5,15,632,1,0,0,0,0,0,0,0,0,0,6,0,0,0,0,3,8,0,0,0,0,0,2,0,21,0,0,0,0,0,0,0,0,0,1,0,0,0,0,0,0,0,0,0,13,151,0,12,4,1,0,5,35,5,18,1,1,0,0,2,1,132,0,0,373,0,0,0,2257,146,0
2014,PROVINSI DKI JAKARTA,JAKARTA PUSAT,TANAH ABANG,PETAMBURAN,7169,7527,9188,234,354,25,22,2,4,0,0,12,13,2,9097,97,8,17,904,1,0,1,5,0,0,0,0,0,0,16,0,0,0,0,2,16,0,0,0,0,0,27,0,34,0,0,0,0,0,0,0,0,0,0,0,0,0,0,0,0,0,0,0,18,237,0,14,0,0,4,3,40,8,18,0,0,0,1,3,0,168,1,0,912,1,0,0,3526,289,0
2014,PROVINSI DKI JAKARTA,JAKARTA PUSAT,TANAH ABANG,KEBON MELATI,6922,8063,8973,207,269,132,16,8,0,0,0,5,5,4,8231,79,8,11,342,0,0,0,4,0,0,0,0,0,0,4,0,0,0,0,3,10,0,0,0,0,0,6,0,14,0,0,0,0,2,0,0,0,0,0,0,0,0,0,0,0,0,1,1,16,167,0,17,2,3,1,12,23,1,8,1,0,1,0,6,0,133,0,0,744,0,0,0,5160,278,0
2014,PROVINSI DKI JAKARTA,JAKARTA PUSAT,TANAH ABANG,KEBON KACANG,3769,5017,6066,330,246,10,12,1,0,0,0,2,8,1,5743,68,10,6,286,0,0,0,7,0,0,0,0,0,0,1,0,1,0,0,2,6,0,0,0,0,1,3,0,17,0,1,0,0,0,0,0,0,0,0,0,0,0,0,0,0,0,0,0,32,127,0,20,1,4,0,1,73,11,7,5,0,0,0,4,0,73,0,0,516,0,0,0,3322,178,0
2014,PROVINSI DKI JAKARTA,JAKARTA PUSAT,TANAH ABANG,KAMPUNG BALI,2420,3001,3119,106,94,13,1,6,0,0,0,3,1,0,3550,16,1,2,244,0,0,0,7,0,0,0,0,0,0,4,0,0,0,0,12,2,0,0,0,0,0,5,0,8,0,0,0,0,0,0,0,0,0,0,0,0,0,0,0,0,0,0,0,6,53,0,3,0,1,0,0,25,3,9,0,0,0,0,1,0,92,0,0,377,0,0,1,1063,83,0
2014,PROVINSI DKI JAKARTA,JAKARTA PUSAT,JOHAR BARU,JOHAR BARU,7071,8269,10065,584,713,44,26,30,3,0,2,9,7,4,10640,152,9,33,1208,1,0,0,1,1,0,0,0,0,0,11,0,0,0,0,9,22,0,0,0,1,2,22,0,28,2,0,0,0,0,0,0,0,0,0,0,0,0,0,0,0,0,1,0,56,305,1,18,5,5,2,6,131,15,33,2,0,0,0,16,0,173,0,0,427,1,0,0,3149,194,0
2014,PROVINSI DKI JAKARTA,JAKARTA PUSAT,JOHAR BARU,KAMPUNG RAWA,4511,5529,5924,168,176,36,15,3,1,0,0,4,8,3,5885,31,0,15,911,0,1,0,1,0,0,0,0,0,0,15,0,0,0,1,5,4,0,0,0,0,0,3,0,9,1,0,0,0,0,0,0,0,1,0,0,0,0,0,0,0,0,0,0,10,143,0,10,3,1,0,1,20,5,11,2,0,0,0,8,0,133,0,0,310,0,0,0,2297,174,0
2014,PROVINSI DKI JAKARTA,JAKARTA PUSAT,JOHAR BARU,GALUR,3683,4726,4797,103,149,24,10,5,1,0,0,7,1,3,4331,19,2,5,993,0,0,0,2,0,0,0,0,0,0,7,0,1,0,0,4,3,0,0,1,0,0,7,0,7,0,0,0,0,0,0,0,0,0,0,0,0,0,0,0,0,0,0,0,9,96,0,5,0,0,1,2,12,2,10,0,0,0,0,8,0,92,1,0,575,1,0,0,1836,108,0
2014,PROVINSI DKI JAKARTA,JAKARTA PUSAT,JOHAR BARU,TANAH TINGGI,8016,9709,9590,183,270,37,19,1,1,0,0,14,9,9,8607,40,1,21,2256,1,2,0,1,0,1,0,0,0,0,5,0,0,0,0,20,12,0,0,0,0,0,17,2,14,1,1,0,0,1,0,0,0,0,0,0,0,0,0,0,0,0,0,0,17,183,2,8,3,0,0,7,40,6,16,3,0,0,0,13,0,388,0,0,1.089,0,0,1,4014,307,0
2014,PROVINSI DKI JAKARTA,JAKARTA UTARA,PENJARINGAN,PENJARINGAN,19168,21472,22479,224,145,56,59,3,6,0,343,46,37,10,26661,20,1,17,4673,6,6,0,1,0,0,0,0,0,0,1,0,0,0,0,5,9,0,0,1,0,0,10,0,21,5,0,0,0,0,0,0,0,0,0,0,0,0,0,0,0,0,0,0,17,380,0,9,0,2,1,2,34,19,34,0,0,0,0,411,0,532,0,2,1.144,0,0,0,9497,594,0
2014,PROVINSI DKI JAKARTA,JAKARTA UTARA,PENJARINGAN,KAMAL MUARA,2203,2779,2665,50,23,8,3,1,1,0,609,1,3,0,2436,3,1,1,327,2,4,0,2,1,0,0,0,0,1,0,0,0,0,0,1,1,0,0,0,0,0,1,0,2,0,0,0,0,0,0,0,0,0,0,0,0,0,0,0,0,0,0,0,0,27,0,1,0,1,1,0,18,2,4,0,0,0,0,3,0,41,0,0,42,0,0,0,1142,61,0
2014,PROVINSI DKI JAKARTA,JAKARTA UTARA,PENJARINGAN,KAPUK MUARA,5493,7150,7684,210,26,5,9,2,2,0,16,30,27,2,8431,5,1,14,866,1,4,0,6,0,0,0,0,0,0,1,0,1,0,0,0,6,0,0,1,0,0,7,1,8,1,0,0,0,0,0,0,0,0,0,0,0,0,0,0,0,0,0,0,7,114,1,3,2,1,1,3,47,4,1,0,1,0,0,2,0,74,0,0,173,0,0,3,3473,267,0
2014,PROVINSI DKI JAKARTA,JAKARTA UTARA,PENJARINGAN,PEJAGALAN,13222,19156,19518,177,83,25,20,4,4,0,59,5,10,3,26404,12,4,21,1327,6,7,0,6,0,1,1,2,0,1,11,2,2,3,0,10,11,2,0,0,0,0,36,6,12,1,1,0,0,0,0,0,0,0,0,0,0,0,0,0,0,0,0,1,12,266,1,10,2,2,3,9,97,5,11,5,0,0,0,10,0,210,1,0,910,0,0,10,7926,646,0
2014,PROVINSI DKI JAKARTA,JAKARTA UTARA,PENJARINGAN,PLUIT,6130,11003,11819,613,35,7,6,10,4,1,1990,11,20,11,10344,42,1,11,142,2,15,0,5,0,0,0,0,0,0,9,0,0,0,0,3,12,1,0,2,1,1,36,2,9,1,0,0,1,0,0,0,0,0,0,0,1,0,0,0,0,0,0,0,34,176,11,11,4,11,16,13,184,5,2,3,1,0,0,16,2,23,0,1,1.081,0,0,2,5190,429,0
2014,PROVINSI DKI JAKARTA,JAKARTA UTARA,TANJUNG PRIOK,TANJUNG PRIOK,7913,7987,8631,209,169,151,84,1,2,0,7,11,4,6,10287,53,2,7,1367,2,2,0,3,0,0,0,0,0,0,4,0,0,0,0,2,4,0,0,0,0,0,29,0,13,0,0,0,1,0,0,0,0,0,0,0,0,0,0,0,0,0,0,0,12,275,0,11,1,0,0,0,7,10,36,1,0,0,0,430,0,162,0,0,657,0,0,0,2198,154,0
2014,PROVINSI DKI JAKARTA,JAKARTA UTARA,TANJUNG PRIOK,SUNTER JAYA,10931,13701,15655,804,627,73,58,9,2,0,1,16,29,12,16822,111,9,40,1531,2,1,0,6,0,0,0,0,0,0,7,0,0,0,0,5,14,1,0,0,0,0,31,18,30,3,0,0,1,0,0,0,0,1,0,1,0,0,0,0,0,0,1,0,49,563,2,27,3,3,1,6,130,28,38,7,0,0,0,17,0,230,0,1,405,0,0,0,5836,548,0
2014,PROVINSI DKI JAKARTA,JAKARTA UTARA,TANJUNG PRIOK,PAPANGGO,7698,9237,10546,198,136,47,18,2,1,0,3,16,4,1,11137,31,1,16,1592,0,0,0,3,0,0,0,0,1,1,1,0,0,1,0,8,11,0,0,0,0,0,22,0,11,4,1,0,0,0,0,0,0,0,0,0,0,0,0,0,0,0,0,0,9,282,0,1,1,0,0,2,21,12,37,2,1,0,0,289,0,153,0,0,389,0,0,4,2358,350,0
2014,PROVINSI DKI JAKARTA,JAKARTA UTARA,TANJUNG PRIOK,SUNGAI BAMBU,6593,6962,7848,258,244,71,89,0,1,0,0,2,3,0,8267,79,5,21,1389,0,0,0,1,0,0,0,0,0,0,7,0,0,0,0,3,16,0,0,0,0,0,41,0,28,3,1,0,0,0,0,0,0,0,0,0,0,0,0,0,0,0,0,0,18,293,0,7,0,0,0,2,51,18,37,1,0,0,0,421,0,176,0,0,336,0,0,0,2057,118,0
2014,PROVINSI DKI JAKARTA,JAKARTA UTARA,TANJUNG PRIOK,KEBON BAWANG,11201,11911,13401,508,576,671,68,0,4,0,2,9,4,2,13838,182,3,34,1701,2,1,0,7,0,0,0,0,0,0,6,0,0,0,0,1,20,0,0,0,0,1,43,0,25,9,0,0,0,0,0,0,0,0,0,0,0,0,0,0,0,0,0,0,24,492,0,10,2,3,0,7,71,39,78,6,0,0,0,1.514,0,178,0,0,676,0,0,0,3694,172,0
2014,PROVINSI DKI JAKARTA,JAKARTA UTARA,TANJUNG PRIOK,SUNTER AGUNG,12437,15855,18704,1025,621,97,169,2,5,1,3,11,15,2,21322,71,2,27,1688,3,0,0,16,0,0,0,0,0,1,11,0,0,0,2,9,110,0,0,0,0,0,36,9,26,3,0,0,1,0,0,0,0,0,0,0,0,0,0,0,0,0,1,0,41,630,1,22,5,12,3,3,175,25,52,0,3,0,0,45,1,162,0,0,791,0,0,8,5824,522,3
2014,PROVINSI DKI JAKARTA,JAKARTA UTARA,TANJUNG PRIOK,WARAKAS,9166,10655,11611,418,292,88,54,1,2,0,3,18,10,3,12280,115,5,26,2133,1,1,0,4,0,0,0,0,0,1,3,0,0,0,0,3,11,0,0,0,0,0,19,0,17,1,0,0,0,0,0,0,0,0,0,0,0,0,0,0,0,0,0,0,15,422,2,6,0,0,0,1,26,14,57,0,0,0,0,883,1,155,0,0,341,0,0,1,2721,399,0
2014,PROVINSI DKI JAKARTA,JAKARTA UTARA,KOJA,KOJA,6858,7245,7120,106,122,46,27,0,3,0,4,6,2,0,6838,34,5,16,1521,0,0,0,10,0,0,0,0,0,0,7,0,1,0,1,7,7,0,0,0,0,0,4,0,7,1,0,0,0,0,0,0,0,0,0,0,0,0,0,0,0,0,0,0,9,197,1,1,0,1,1,3,23,12,32,3,0,0,0,661,0,177,0,1,918,0,0,1,2383,156,0
2014,PROVINSI DKI JAKARTA,JAKARTA UTARA,KOJA,TUGU UTARA,15603,16271,17778,727,719,105,72,2,0,0,10,17,6,4,17916,128,4,33,2031,0,0,0,8,0,0,0,0,0,0,2,0,0,0,0,2,23,0,0,0,0,0,10,0,20,3,0,0,1,1,0,0,0,0,0,0,0,0,0,0,0,0,1,0,43,604,0,8,1,0,0,2,86,33,65,2,1,0,1,507,0,179,0,0,267,0,0,0,5831,323,0
2014,PROVINSI DKI JAKARTA,JAKARTA UTARA,KOJA,LAGOA,13343,14721,15302,429,369,103,46,1,5,0,56,17,21,3,12819,129,5,19,4488,0,4,0,6,0,0,0,0,0,0,13,0,0,0,0,13,21,0,0,0,0,0,24,0,18,3,0,0,0,0,0,0,0,0,0,0,0,0,0,0,0,0,0,0,25,487,0,9,0,0,0,4,44,19,73,6,0,0,0,878,0,301,0,1,1.071,0,0,9,3178,344,0
2014,PROVINSI DKI JAKARTA,JAKARTA UTARA,KOJA,RAWA BADAK UTARA,7281,8541,9185,400,313,71,35,2,1,0,4,10,4,0,7094,115,2,28,2500,1,1,0,1,0,1,0,0,0,1,3,0,0,0,0,0,4,0,0,0,0,1,15,4,8,4,1,0,1,0,0,0,0,0,0,0,0,0,0,0,0,0,0,0,19,269,1,5,2,1,0,1,46,17,26,3,0,0,0,959,3,138,0,0,716,0,0,0,2558,156,0
2014,PROVINSI DKI JAKARTA,JAKARTA UTARA,KOJA,TUGU SELATAN,7641,8147,9304,217,261,58,60,0,1,0,1,11,9,4,10886,40,2,21,1439,7,0,0,0,0,0,0,0,0,0,1,0,0,0,0,1,7,0,0,0,0,0,18,0,10,1,0,0,0,0,0,0,0,0,0,0,0,0,0,0,0,0,0,0,13,390,0,3,1,1,0,2,24,15,44,3,0,0,0,180,2,243,1,0,180,0,0,0,2540,123,0
2014,PROVINSI DKI JAKARTA,JAKARTA UTARA,KOJA,RAWA BADAK SELATAN,8912,8902,9819,316,238,72,33,1,7,0,3,9,6,1,9703,84,1,2,1934,1,1,0,1,0,0,1,0,0,0,2,0,0,0,0,0,10,0,0,0,0,0,18,0,11,0,0,0,0,0,0,0,0,0,0,0,0,0,0,0,0,0,0,0,18,410,1,4,0,2,0,1,23,18,48,1,0,0,0,143,0,226,0,0,451,0,0,0,3576,163,0
2014,PROVINSI DKI JAKARTA,JAKARTA UTARA,CILINCING,CILINCING,9990,10766,11969,238,272,79,249,12,5,0,182,27,3,12,9950,75,2,25,3090,2,24,0,2,0,0,0,0,0,0,7,0,1,0,0,5,9,0,0,0,0,0,15,0,10,0,0,0,0,0,0,0,0,0,0,0,0,0,0,0,0,0,0,0,11,436,0,4,0,0,0,2,21,28,45,0,0,0,0,173,0,344,0,0,541,0,0,1,2123,306,0
2014,PROVINSI DKI JAKARTA,JAKARTA UTARA,CILINCING,SUKAPURA,12049,8447,12621,378,369,48,51,1,50,0,3,13,10,3,21591,108,1,10,822,7,1,0,7,0,0,0,0,0,0,2,0,0,0,2,2,3,0,0,0,0,0,16,0,24,0,1,0,1,0,0,0,0,0,0,0,0,0,0,0,0,0,0,0,24,479,0,8,0,3,0,4,66,20,47,6,0,0,0,81,0,233,0,0,595,0,0,0,4348,345,0
2014,PROVINSI DKI JAKARTA,JAKARTA UTARA,CILINCING,MARUNDA,5266,5935,6682,61,169,72,36,4,37,1,307,13,4,3,4357,32,1,10,1743,2,15,0,1,0,0,0,0,0,0,2,0,0,0,0,1,6,0,0,0,0,0,9,0,6,2,0,0,0,0,0,0,0,0,0,0,0,0,0,0,0,0,0,0,10,208,0,2,0,0,0,3,9,13,16,1,0,0,0,107,0,179,0,0,185,0,0,0,1259,91,0
2014,PROVINSI DKI JAKARTA,JAKARTA UTARA,CILINCING,KALI BARU,16333,18011,18631,100,125,77,27,9,5,1,2512,37,14,9,10502,13,0,14,5726,5,23,0,1,0,0,0,1,0,0,4,0,0,0,0,9,4,0,0,0,0,0,5,0,18,3,0,0,0,0,0,0,0,0,0,0,0,0,0,0,0,0,0,0,9,356,0,3,1,0,1,0,14,12,42,0,0,0,0,384,0,575,0,1,1.589,0,0,2,6942,631,0
2014,PROVINSI DKI JAKARTA,JAKARTA UTARA,CILINCING,SEMPER TIMUR,7022,7938,9811,404,318,247,371,2,11,0,9,7,5,1,9083,38,0,6,1105,3,4,0,2,0,0,0,0,0,0,0,0,0,0,0,3,2,0,0,0,0,0,14,0,5,0,0,0,0,0,0,0,0,0,0,0,0,0,0,0,0,0,0,0,14,379,0,7,0,0,0,0,24,17,50,1,0,0,0,185,0,253,0,0,36,0,0,0,2630,102,0
2014,PROVINSI DKI JAKARTA,JAKARTA UTARA,CILINCING,ROROTAN,7600,7709,10065,254,329,116,179,4,197,0,3,40,5,4,8583,60,2,25,1217,17,0,0,0,1,0,0,0,0,0,1,0,0,0,0,5,2,0,0,0,0,0,4,0,8,1,1,0,0,0,0,0,0,0,0,0,0,0,0,0,0,0,0,0,20,584,0,1,0,0,0,2,22,22,55,3,1,0,0,105,0,165,0,0,247,0,0,0,2120,197,0
2014,PROVINSI DKI JAKARTA,JAKARTA UTARA,CILINCING,SEMPER BARAT,14251,15444,18120,690,988,391,94,1,1,0,3,15,12,14,18588,67,5,88,2712,1,1,0,3,0,0,0,0,0,0,5,0,0,0,0,3,24,0,0,0,0,0,30,0,16,0,1,0,0,0,0,0,0,0,0,0,0,0,0,0,0,0,0,0,29,698,1,18,0,0,0,2,49,25,108,4,0,0,0,332,2,449,2,1,749,0,0,0,4170,362,0
2014,PROVINSI DKI JAKARTA,JAKARTA UTARA,PADEMANGAN,PADEMANGAN TIMUR,6724,8459,8612,206,145,31,24,2,0,0,1,2,4,1,12695,27,0,3,963,0,0,0,5,0,0,0,0,0,0,37,0,0,0,0,15,3,2,0,0,0,0,12,5,7,1,0,0,0,0,1,0,0,0,0,0,0,0,0,0,0,0,0,0,16,242,1,4,1,3,1,3,47,3,9,0,0,0,0,21,0,110,0,0,455,0,0,5,2750,168,0
2014,PROVINSI DKI JAKARTA,JAKARTA UTARA,PADEMANGAN,PADEMANGAN BARAT,15399,18036,18482,219,173,95,33,14,0,0,0,31,17,11,24772,31,0,7,4040,5,0,0,1,0,0,0,0,0,0,16,0,0,0,1,2,12,1,0,0,0,0,15,2,19,3,0,0,0,0,0,0,0,0,0,0,0,0,0,0,0,0,0,0,10,395,1,1,1,1,0,4,30,4,30,2,2,0,0,20,1,272,0,0,823,0,0,0,5241,512,0
2014,PROVINSI DKI JAKARTA,JAKARTA UTARA,PADEMANGAN,ANCOL,5155,5301,5560,56,68,32,11,3,0,0,3,8,5,0,8197,11,0,10,477,2,3,0,0,0,0,0,0,0,0,0,0,0,0,1,3,5,0,0,0,0,0,1,0,11,1,0,0,1,0,0,0,0,0,0,0,0,0,0,0,0,0,1,0,10,85,0,5,2,1,0,5,20,5,5,0,0,0,0,141,0,109,0,0,253,0,0,0,2221,74,0
2014,PROVINSI DKI JAKARTA,JAKARTA UTARA,KELAPA GADING,KELAPA GADING TIMUR,4993,7186,8343,1223,470,41,14,1,1,0,0,3,8,0,11252,208,6,15,122,0,0,0,24,0,0,0,0,0,0,4,0,0,0,0,3,18,0,0,0,0,0,65,2,14,0,1,0,1,0,1,0,0,0,0,0,0,0,0,0,0,0,0,0,74,264,13,32,15,8,0,18,315,12,22,7,5,1,0,13,1,22,0,0,225,0,0,0,2807,148,0
2014,PROVINSI DKI JAKARTA,JAKARTA UTARA,KELAPA GADING,PEGANGSAAN DUA,7152,10080,12585,749,286,37,25,0,6,0,0,8,3,0,15369,105,2,17,398,5,0,0,8,0,0,0,1,0,1,2,0,0,0,0,0,3,0,0,0,0,0,52,3,24,0,0,0,0,0,0,0,0,0,0,0,0,0,0,0,0,0,0,0,76,377,6,31,6,5,0,9,262,6,10,2,2,0,0,19,0,151,0,0,167,0,0,1,4155,437,0
2014,PROVINSI DKI JAKARTA,JAKARTA UTARA,KELAPA GADING,KELAPA GADING BARAT,5887,7395,9316,1037,481,1075,50,1,3,0,1,2,4,1,9448,88,3,14,401,1,0,0,15,0,0,1,0,0,0,0,0,0,0,0,0,6,0,0,0,1,0,35,10,21,1,0,0,5,0,0,0,0,0,0,0,0,0,0,0,0,0,0,0,48,241,3,29,12,4,3,18,206,16,35,4,2,0,0,40,1,46,0,0,264,0,0,0,2983,184,0
2014,PROVINSI DKI JAKARTA,JAKARTA BARAT,CENGKARENG,CENGKARENG BARAT,12364,14512,15976,375,598,39,50,6,2,0,2,16,14,8,19067,71,2,19,1751,1,0,0,4,0,0,0,0,0,0,3,0,0,0,0,7,9,0,0,0,0,0,32,4,35,4,0,0,0,0,0,0,0,0,0,0,0,0,0,0,0,0,0,0,28,644,1,15,2,5,0,4,109,28,25,1,1,0,0,4,0,168,0,0,417,1,0,0,4307,384,0
2014,PROVINSI DKI JAKARTA,JAKARTA BARAT,CENGKARENG,DURI KOSAMBI,13801,15403,19855,399,409,44,61,6,7,0,1,10,11,19,20979,107,4,23,1544,12,0,0,1,0,0,0,0,0,0,7,0,0,0,0,6,9,0,0,0,0,0,30,0,27,0,0,0,1,0,0,0,0,0,0,0,0,0,0,0,0,0,0,0,35,879,6,17,6,1,0,1,64,30,43,3,0,0,0,1,0,165,0,0,775,0,0,1,5001,407,0
2014,PROVINSI DKI JAKARTA,JAKARTA BARAT,CENGKARENG,RAWA BUAYA,11820,13338,15429,332,211,58,41,11,4,0,0,19,5,12,21224,23,3,10,691,4,0,0,5,0,0,0,0,0,0,1,0,0,0,0,6,5,1,0,0,0,0,24,0,28,1,0,0,0,0,0,0,0,0,1,1,0,0,0,0,0,0,0,0,41,579,1,17,1,4,0,4,89,21,24,0,0,0,0,1,0,152,0,0,452,0,0,4,4584,391,0
2014,PROVINSI DKI JAKARTA,JAKARTA BARAT,CENGKARENG,KEDAUNG KALI ANGKE,5461,6515,8816,164,169,45,88,1,0,0,0,13,3,8,11625,6,1,1,629,0,0,0,2,0,0,0,0,0,0,0,0,0,0,0,1,3,0,0,0,0,0,12,0,15,0,0,0,2,0,0,0,0,0,0,0,0,0,0,0,0,0,0,0,8,209,0,3,1,0,0,1,8,4,12,0,0,0,0,6,0,79,0,0,126,0,0,0,1760,144,0
2014,PROVINSI DKI JAKARTA,JAKARTA BARAT,CENGKARENG,KAPUK,27262,29623,31685,450,263,82,113,7,8,0,4,91,39,26,51459,24,1,17,1586,10,0,0,3,0,0,0,0,0,0,7,0,0,0,1,7,8,1,0,0,0,0,42,0,44,2,0,0,2,0,0,0,0,0,0,0,0,0,0,0,0,0,1,0,25,730,2,10,2,0,0,1,45,32,49,1,0,0,0,7,0,285,0,0,816,0,0,11,4123,1396,0
2014,PROVINSI DKI JAKARTA,JAKARTA BARAT,CENGKARENG,CENGKARENG TIMUR,16200,17042,18835,294,374,102,93,12,4,1,0,31,8,7,24933,11,0,8,2692,5,1,0,1,0,0,0,0,0,0,8,0,0,0,0,2,5,0,0,0,0,0,29,0,36,1,0,0,0,0,0,0,0,0,0,0,0,0,0,0,0,0,0,0,15,744,5,9,2,1,0,2,60,23,70,3,0,0,0,6,1,228,0,0,444,0,0,0,4405,564,0
2014,PROVINSI DKI JAKARTA,JAKARTA BARAT,GROGOL PETAMBURAN,GROGOL,2964,3905,4377,276,145,14,8,0,1,2,0,5,4,2,6114,42,4,9,279,0,0,0,2,0,0,0,0,0,0,3,0,0,0,0,0,6,1,0,0,0,0,15,1,12,0,0,0,0,0,0,0,0,0,0,0,0,0,0,0,0,0,0,0,15,114,0,8,3,4,0,3,90,6,7,2,0,0,0,1,1,80,0,0,259,0,0,1,1591,83,0
2014,PROVINSI DKI JAKARTA,JAKARTA BARAT,GROGOL PETAMBURAN,TANJUNG DUREN UTARA,2526,3894,4397,314,137,9,18,1,0,0,0,1,3,1,6341,22,2,4,218,0,0,0,7,0,0,0,0,0,0,6,0,0,0,2,7,7,0,0,0,0,0,19,0,8,0,0,0,1,1,1,0,0,0,0,0,0,0,0,0,0,0,0,0,31,137,0,5,3,3,1,3,98,4,8,1,2,0,0,2,0,32,0,1,144,0,0,3,1340,77,0
2014,PROVINSI DKI JAKARTA,JAKARTA BARAT,GROGOL PETAMBURAN,TOMANG,5098,6555,7418,479,314,66,22,5,1,0,0,11,6,2,9613,89,2,13,705,0,0,0,3,0,0,0,0,0,0,3,0,0,0,0,8,26,0,0,0,1,0,24,1,21,1,1,0,2,0,0,0,0,0,0,0,0,0,1,0,0,0,0,0,63,187,1,21,4,3,3,8,161,7,17,7,0,0,0,4,0,194,0,0,336,0,0,0,2258,240,0
2014,PROVINSI DKI JAKARTA,JAKARTA BARAT,GROGOL PETAMBURAN,JELAMBAR,4963,6985,7418,425,255,15,18,14,0,0,1,5,8,1,11060,38,1,6,354,0,0,0,4,0,0,0,0,0,0,4,0,0,0,0,11,6,0,0,0,1,0,15,10,15,0,0,0,0,0,0,0,0,0,0,0,0,0,0,0,0,0,0,0,29,206,0,8,5,3,0,4,105,6,9,2,3,0,0,4,0,55,0,0,160,0,0,29,2534,233,0
2014,PROVINSI DKI JAKARTA,JAKARTA BARAT,GROGOL PETAMBURAN,TANJUNG DUREN SELATAN,4379,5000,5370,452,266,14,10,11,1,1,2,6,4,0,9151,59,3,3,252,3,0,0,11,0,0,0,0,0,0,5,0,0,0,0,2,12,0,0,0,1,0,14,0,15,0,0,0,0,0,1,0,0,0,1,0,0,0,0,0,0,0,0,0,27,146,0,16,6,9,6,9,132,7,10,1,1,0,0,0,2,62,0,0,301,0,0,1,1954,107,0
2014,PROVINSI DKI JAKARTA,JAKARTA BARAT,GROGOL PETAMBURAN,JELAMBAR BARU,6369,9449,9620,175,72,14,8,0,1,0,4,3,3,0,13993,4,1,1,217,0,1,0,2,0,0,0,0,0,0,1,0,0,0,0,1,3,0,0,0,0,0,26,0,10,2,1,0,0,0,0,0,0,0,0,0,0,0,0,0,0,0,0,0,11,177,0,5,0,0,0,0,56,2,5,0,0,0,0,2,0,62,0,0,170,0,0,2,3541,131,0
2014,PROVINSI DKI JAKARTA,JAKARTA BARAT,GROGOL PETAMBURAN,WIJAYA KUSUMA,7055,9212,9391,249,109,21,24,6,3,0,2,12,6,4,13107,68,1,10,711,0,0,0,4,0,0,0,0,0,1,2,0,0,0,0,2,5,0,0,0,0,0,26,0,24,2,0,0,1,0,0,0,0,0,0,0,0,0,0,0,0,0,1,0,21,232,0,9,2,3,0,1,70,7,10,1,1,0,0,1,0,164,0,0,396,0,0,1,3613,274,0
2014,PROVINSI DKI JAKARTA,JAKARTA BARAT,TAMAN SARI,TAMAN SARI,2434,4016,3788,141,22,6,4,23,0,0,0,1,0,1,5351,10,0,0,311,0,0,0,4,0,0,0,0,0,0,1,1,0,0,0,14,4,0,0,1,0,0,19,1,5,0,0,0,0,0,0,0,0,0,0,0,0,0,0,0,0,0,0,0,7,64,0,2,0,2,0,1,27,0,2,1,0,0,0,0,1,26,0,0,191,0,0,8,1036,58,0
2014,PROVINSI DKI JAKARTA,JAKARTA BARAT,TAMAN SARI,KRUKUT,3405,4903,4996,93,31,5,4,0,0,0,2,12,2,6,6024,10,1,1,531,0,0,0,2,0,0,0,0,0,0,1,0,1,0,0,5,3,0,0,0,0,0,3,0,5,1,1,0,0,0,0,0,0,0,0,0,0,0,0,0,0,0,0,0,5,80,1,4,4,0,0,2,22,1,1,0,0,0,0,0,0,68,0,0,193,0,0,0,1393,172,0
2014,PROVINSI DKI JAKARTA,JAKARTA BARAT,TAMAN SARI,MAPHAR,2792,4184,4436,99,28,4,2,0,0,0,0,6,2,1,6420,9,1,5,18,1,0,0,5,0,0,0,0,0,0,8,0,0,0,0,6,0,2,0,0,0,0,6,0,4,0,0,0,0,0,0,0,0,0,0,0,0,0,0,0,0,0,0,0,11,38,0,5,2,1,0,0,47,0,0,0,0,0,1,0,0,61,0,1,3,0,0,0,1816,143,0
2014,PROVINSI DKI JAKARTA,JAKARTA BARAT,TAMAN SARI,TANGKI,2168,3139,3050,64,9,5,3,7,0,0,1,2,2,2,5166,0,0,3,384,0,0,0,5,0,0,0,0,0,0,14,0,0,0,0,8,4,0,0,0,2,0,9,1,2,0,0,0,0,0,0,0,0,0,0,0,0,0,0,0,0,0,0,0,1,47,0,1,0,0,2,0,10,0,5,0,1,0,0,0,0,33,0,0,161,1,0,0,636,49,0
2014,PROVINSI DKI JAKARTA,JAKARTA BARAT,TAMAN SARI,MANGGA BESAR,1062,2047,1899,129,12,0,1,2,0,0,0,1,0,4,2860,2,0,4,109,2,0,0,3,0,0,0,2,0,0,1,0,0,0,0,4,3,1,0,0,1,0,5,0,5,0,0,0,0,0,0,0,0,0,0,0,0,0,0,0,0,0,0,0,5,33,0,2,4,1,0,1,21,0,0,2,0,0,0,1,0,31,0,0,74,0,0,0,564,15,0
2014,PROVINSI DKI JAKARTA,JAKARTA BARAT,TAMAN SARI,KEAGUNGAN,3223,4017,4028,95,42,7,9,39,0,0,0,7,7,1,6416,11,1,25,472,1,0,0,1,0,1,0,1,0,1,9,1,0,0,0,10,5,0,0,0,1,0,2,0,6,6,1,0,0,0,0,0,0,0,0,0,0,0,0,0,0,0,0,0,3,72,1,3,0,2,1,0,14,2,4,0,0,0,0,2,0,68,0,0,359,0,0,0,1218,146,0
2014,PROVINSI DKI JAKARTA,JAKARTA BARAT,TAMAN SARI,GLODOK,1016,1970,1948,69,4,1,0,5,0,0,0,5,0,0,3006,2,1,2,156,0,0,0,0,0,0,0,0,0,0,5,0,0,0,0,1,0,0,0,0,0,0,4,1,0,1,0,0,0,0,0,0,0,0,0,0,0,0,0,0,0,0,0,0,1,40,0,2,1,0,0,0,29,0,0,0,0,0,0,0,1,4,0,0,132,0,0,1,553,90,0
2014,PROVINSI DKI JAKARTA,JAKARTA BARAT,TAMAN SARI,PINANGSIA,2469,2522,2143,43,34,8,6,1,0,0,0,2,1,9,4219,6,1,5,30,0,0,0,2,1,0,0,0,0,0,3,0,0,0,0,0,1,0,0,0,0,0,3,0,3,0,0,0,0,0,0,0,0,0,0,0,0,0,0,0,0,0,0,0,0,55,0,4,0,0,0,1,14,0,5,0,0,0,0,4,0,50,0,0,273,0,0,0,823,101,0
2014,PROVINSI DKI JAKARTA,JAKARTA BARAT,TAMBORA,TAMBORA,1897,2636,2690,44,14,4,1,7,0,0,0,0,0,0,3320,1,0,2,324,0,0,0,3,0,0,0,0,0,0,2,0,1,0,0,0,1,0,0,0,0,0,5,0,2,0,0,0,0,0,0,0,0,0,0,0,0,0,0,0,0,0,0,0,5,68,0,2,0,0,0,1,14,3,1,0,0,0,0,0,0,49,0,0,290,0,0,1,991,31,0
2014,PROVINSI DKI JAKARTA,JAKARTA BARAT,TAMBORA,KALI ANYAR,4517,5928,6612,75,78,17,17,2,0,0,0,5,4,1,8066,9,1,2,411,0,0,0,0,0,0,0,1,0,0,11,0,3,0,0,2,2,1,0,0,0,0,1,0,12,0,0,0,0,0,0,0,0,0,0,0,0,0,0,0,0,0,0,0,1,130,0,2,0,0,0,0,10,9,11,2,0,0,0,2,0,145,0,0,71,0,0,0,2478,113,1
2014,PROVINSI DKI JAKARTA,JAKARTA BARAT,TAMBORA,DURI UTARA,3990,5262,5213,46,41,12,6,0,0,0,0,3,2,1,6724,13,2,1,761,1,1,0,2,0,0,0,0,0,2,11,0,1,0,1,1,0,0,0,0,0,0,7,0,1,0,0,0,0,0,0,0,0,0,0,0,0,0,0,0,0,0,0,0,3,82,0,0,0,0,0,0,11,2,2,0,0,0,0,3,0,84,0,0,386,1,0,0,1555,126,0
2014,PROVINSI DKI JAKARTA,JAKARTA BARAT,TAMBORA,TANAH SEREAL,4858,6562,6704,124,28,9,4,23,2,0,0,9,8,4,8172,8,2,31,1275,1,0,0,2,1,0,1,0,0,0,17,1,0,3,1,3,5,0,0,0,0,0,9,0,10,5,0,0,0,0,0,0,0,0,0,0,0,0,0,0,0,0,0,0,11,136,0,3,2,2,1,1,32,1,2,2,0,0,0,0,0,118,0,2,253,0,0,2,1973,157,1
2014,PROVINSI DKI JAKARTA,JAKARTA BARAT,TAMBORA,KERENDANG,3716,4814,5238,76,26,4,6,1,1,0,0,22,10,3,5870,2,0,6,514,0,0,0,1,0,0,0,0,0,0,2,0,0,1,0,2,1,0,0,0,0,0,1,0,6,2,0,0,0,0,0,0,0,0,0,0,0,0,0,0,0,0,0,0,3,75,0,1,0,0,0,0,17,2,0,2,0,0,0,1,0,63,0,0,128,0,0,0,2056,190,0
2014,PROVINSI DKI JAKARTA,JAKARTA BARAT,TAMBORA,JEMBATAN BESI,6385,7166,7482,66,74,16,10,6,1,0,3,13,4,3,8950,11,0,4,834,0,0,0,1,1,0,0,0,0,0,9,0,0,0,0,1,4,0,0,0,0,0,5,0,12,2,0,0,0,0,0,0,0,0,0,0,0,0,0,0,0,0,0,0,2,168,0,2,0,1,0,1,15,4,7,0,0,0,0,2,0,169,0,0,538,0,0,1,3531,190,0
2014,PROVINSI DKI JAKARTA,JAKARTA BARAT,TAMBORA,ANGKE,5600,7627,7847,69,49,17,11,17,0,0,3,13,5,2,10652,4,1,1,843,0,0,0,3,0,0,0,1,0,0,3,0,0,0,0,3,1,0,0,0,0,0,9,0,8,1,0,0,0,0,0,0,0,0,0,0,0,0,0,0,0,0,0,0,3,106,0,3,0,0,2,0,31,5,0,2,0,0,0,2,0,135,0,0,554,0,0,0,1960,139,0
2014,PROVINSI DKI JAKARTA,JAKARTA BARAT,TAMBORA,JEMBATAN LIMA,3683,5348,5647,52,33,3,9,4,0,0,0,10,5,3,6742,8,0,11,709,0,0,0,3,0,1,0,0,0,0,12,0,0,0,0,12,5,1,0,0,0,0,6,0,12,2,1,0,0,0,0,0,0,0,0,0,0,0,0,0,0,0,0,0,3,106,0,4,0,0,3,2,24,3,2,0,0,0,0,2,0,126,0,0,555,0,0,2,1557,115,0
2014,PROVINSI DKI JAKARTA,JAKARTA BARAT,TAMBORA,PEKOJAN,4011,5652,6007,85,21,5,5,6,2,0,6,3,3,2,8300,11,4,4,957,2,1,1,2,0,1,2,0,0,0,14,0,0,5,2,14,5,0,0,0,0,0,13,0,3,1,0,0,0,0,0,0,0,0,0,0,0,0,0,0,0,0,0,0,10,107,0,6,0,1,6,0,18,2,3,0,0,0,0,7,0,91,0,0,440,6,0,13,1491,95,0
2014,PROVINSI DKI JAKARTA,JAKARTA BARAT,TAMBORA,ROA MALAKA,471,865,928,35,7,1,1,1,0,0,0,0,0,0,1386,3,0,3,29,0,0,0,3,0,0,0,0,0,0,0,0,0,0,0,1,1,0,0,0,0,0,2,0,2,0,0,0,0,0,0,0,0,0,0,0,0,0,0,0,0,0,0,0,2,14,0,1,0,1,0,0,17,0,0,1,0,0,0,0,0,8,0,0,123,0,0,1,287,42,0
2014,PROVINSI DKI JAKARTA,JAKARTA BARAT,TAMBORA,DURI SELATAN,2594,3525,3913,71,38,5,9,7,0,0,0,3,3,3,4640,4,0,9,399,0,0,0,4,1,1,0,0,0,0,4,0,0,0,0,2,3,0,0,0,0,0,9,0,3,0,0,0,0,0,0,0,0,0,0,0,0,0,0,0,0,0,0,0,5,81,1,0,0,1,0,1,14,0,2,0,0,0,0,0,0,50,0,0,248,0,0,0,1202,113,0
2014,PROVINSI DKI JAKARTA,JAKARTA BARAT,KEBON JERUK,KEBON JERUK,9353,10457,12845,816,855,62,43,107,42,0,0,12,26,10,13572,188,14,105,1090,87,3,2,20,0,5,1,3,0,2,13,0,1,0,4,24,26,0,2,2,1,1,16,7,70,15,5,1,3,0,1,0,0,0,0,0,0,0,0,0,0,0,0,1,56,588,7,27,8,11,10,20,121,19,45,5,1,0,0,6,2,209,0,0,261,1,0,11,4528,438,0
2014,PROVINSI DKI JAKARTA,JAKARTA BARAT,KEBON JERUK,SUKABUMI UTARA,7087,8046,9867,434,439,70,32,10,0,0,0,10,9,0,10166,102,8,17,180,0,0,0,4,0,0,1,0,0,0,4,0,0,1,0,2,10,0,0,0,0,0,3,0,41,0,0,0,0,0,0,0,0,0,0,0,0,0,0,0,0,0,1,0,32,591,2,12,1,5,0,7,62,8,12,1,1,1,0,8,1,87,0,0,638,0,0,0,4756,151,0
2014,PROVINSI DKI JAKARTA,JAKARTA BARAT,KEBON JERUK,SUKABUMI SELATAN,7278,7809,9531,238,296,28,19,0,1,0,0,11,11,0,8905,132,4,4,158,2,0,0,0,0,0,0,0,0,0,12,0,0,0,1,0,6,0,0,0,1,0,2,0,23,0,0,0,0,0,0,0,0,0,0,0,0,0,0,0,0,0,0,0,39,470,0,5,1,3,1,4,60,8,17,0,1,0,0,0,0,77,0,0,91,0,0,0,5488,217,0
2014,PROVINSI DKI JAKARTA,JAKARTA BARAT,KEBON JERUK,KELAPA DUA,4244,4577,6067,476,538,106,25,5,2,0,0,4,3,0,6314,75,5,3,221,2,0,0,7,0,0,0,0,0,0,2,0,0,0,0,2,3,0,0,0,0,0,2,0,30,1,0,0,0,0,0,0,0,0,0,0,0,0,0,0,0,0,1,0,26,303,3,12,6,5,2,3,69,7,20,2,1,1,1,7,0,51,0,0,301,0,0,0,2094,192,0
2014,PROVINSI DKI JAKARTA,JAKARTA BARAT,KEBON JERUK,DURI KEPA,10088,13652,14235,736,255,22,37,1,1,0,0,24,22,5,18483,42,3,9,1356,1,0,0,1,0,1,0,0,0,0,1,0,0,0,0,5,11,0,0,0,0,0,36,3,33,0,0,0,0,0,0,0,0,0,0,0,0,0,0,0,0,0,0,0,63,356,1,21,9,3,4,10,243,10,9,3,1,0,0,0,3,209,0,0,116,0,0,1,5650,361,0
2014,PROVINSI DKI JAKARTA,JAKARTA BARAT,KEBON JERUK,KEDOYA UTARA,8381,10002,10872,336,144,39,104,8,3,0,0,9,10,5,13562,25,4,9,884,5,0,0,7,0,2,2,1,0,2,3,1,1,0,0,8,8,0,0,0,0,0,12,2,18,2,0,0,0,0,0,0,0,0,0,0,0,0,0,0,0,0,0,0,27,303,0,12,4,7,6,3,128,11,15,2,1,0,0,1,1,208,0,0,653,1,0,8,3499,220,0
2014,PROVINSI DKI JAKARTA,JAKARTA BARAT,KEBON JERUK,KEDOYA SELATAN,5875,6829,7558,278,234,17,15,4,2,0,1,5,3,2,10138,24,0,4,869,2,0,0,6,0,0,0,0,0,0,3,0,0,1,0,3,8,0,0,0,0,0,22,2,26,2,0,0,0,0,0,0,0,0,0,0,0,0,0,0,0,0,0,0,27,348,1,12,4,3,2,8,106,5,11,3,2,0,0,1,0,103,0,0,280,0,0,0,1852,79,0
2014,PROVINSI DKI JAKARTA,JAKARTA BARAT,KALI DERES,KALIDERES,13632,15196,18157,461,335,102,288,18,6,0,0,22,13,15,22274,47,3,41,1410,4,0,0,9,1,1,5,0,0,1,10,0,3,0,2,3,10,0,0,0,0,0,27,0,32,8,1,0,1,1,0,0,0,0,0,0,0,0,0,0,0,0,0,0,29,648,10,14,4,1,2,5,100,39,47,1,1,0,1,10,1,209,0,0,421,0,0,4,3909,301,0
2014,PROVINSI DKI JAKARTA,JAKARTA BARAT,KALI DERES,SEMANAN,15491,14483,17535,152,220,52,58,106,25,0,3,23,10,5,19743,15,1,23,1669,6,0,1,1,0,1,0,1,1,0,2,1,0,0,0,2,8,0,0,0,1,0,7,0,16,4,0,0,0,0,0,0,0,0,0,0,0,0,0,0,0,0,0,0,17,562,0,3,0,0,1,1,33,27,23,0,0,0,0,1,0,149,0,0,1.067,0,0,0,5412,296,0
2014,PROVINSI DKI JAKARTA,JAKARTA BARAT,KALI DERES,TEGAL ALUR,17720,19093,19959,354,388,57,83,1,0,0,9,33,17,7,27564,45,0,10,2233,5,0,0,2,0,0,0,1,0,0,8,0,0,0,0,10,7,1,1,0,0,0,27,0,30,7,0,0,0,0,0,0,0,0,0,0,0,0,0,0,0,0,0,0,19,602,0,6,1,0,0,0,43,29,23,0,0,0,0,3,0,307,0,0,654,0,0,0,4002,468,0
2014,PROVINSI DKI JAKARTA,JAKARTA BARAT,KALI DERES,KAMAL,10581,11831,12024,121,132,17,22,9,9,0,3,64,14,16,12896,10,1,19,3223,20,4,0,1,0,0,3,2,0,0,0,0,0,0,0,1,1,0,0,0,0,0,5,0,9,2,0,0,0,0,0,0,0,0,0,0,0,0,0,0,0,0,0,0,11,397,0,3,0,1,0,0,17,13,8,0,1,0,0,4,0,118,0,1,166,0,0,1,2256,501,0
2014,PROVINSI DKI JAKARTA,JAKARTA BARAT,KALI DERES,PEGADUNGAN,12791,15724,18575,447,252,34,37,3,6,0,1,21,9,6,19125,36,2,13,2057,0,0,0,3,0,0,0,0,0,0,1,0,2,0,0,6,6,0,0,1,0,0,41,0,26,0,0,0,0,0,0,0,0,0,0,0,0,0,0,0,0,0,1,0,31,687,14,15,4,5,0,5,116,20,19,2,2,0,1,6,1,72,0,1,302,0,0,2,6090,370,0
2014,PROVINSI DKI JAKARTA,JAKARTA BARAT,PALMERAH,PALMERAH,11034,13093,16263,745,777,108,237,4,0,0,2,11,8,4,18667,172,5,22,1926,5,0,0,18,0,0,0,0,0,0,34,0,0,0,0,19,18,1,0,1,1,0,16,1,44,3,0,0,1,0,0,0,0,1,0,0,0,0,0,0,0,0,0,0,56,623,0,26,3,4,0,7,117,21,41,3,0,0,0,4,1,261,0,0,1.072,0,0,24,4944,202,0
2014,PROVINSI DKI JAKARTA,JAKARTA BARAT,PALMERAH,SLIPI,2974,3615,4457,195,196,9,394,4,0,0,0,4,3,0,5244,35,2,7,319,0,0,0,7,0,3,0,0,0,0,4,0,0,0,0,2,6,0,0,0,0,0,7,4,11,0,0,0,0,0,0,0,0,2,0,0,0,0,0,0,0,0,0,0,9,155,1,8,0,3,1,3,39,11,11,1,0,0,0,2,0,41,0,0,169,0,0,0,1044,108,0
2014,PROVINSI DKI JAKARTA,JAKARTA BARAT,PALMERAH,KOTA BAMBU UTARA,5436,5950,6246,160,241,14,17,2,0,0,0,1,3,0,6968,20,2,4,734,0,0,1,1,0,0,0,0,0,0,1,0,0,0,0,0,4,0,0,0,0,0,4,0,7,2,0,0,0,0,0,0,0,0,0,0,0,0,0,0,0,0,0,0,9,164,0,4,1,1,0,4,41,3,8,0,2,0,0,2,0,80,0,0,614,0,0,0,2278,36,0
2014,PROVINSI DKI JAKARTA,JAKARTA BARAT,PALMERAH,JATI PULO,5523,6681,7392,274,297,18,23,2,1,0,0,2,4,3,9124,51,5,26,576,0,0,0,9,0,1,0,1,0,0,6,0,1,0,0,10,4,0,0,0,1,0,7,0,22,4,0,0,0,0,0,0,0,0,0,0,0,0,0,0,0,0,0,0,24,178,0,11,4,3,1,3,71,7,17,1,0,0,0,3,1,190,0,1,616,0,0,0,2058,49,1
2014,PROVINSI DKI JAKARTA,JAKARTA BARAT,PALMERAH,KEMANGGISAN,5881,6772,8807,614,778,33,28,52,1,0,1,12,11,3,9533,238,8,47,804,3,0,3,35,1,3,1,0,0,0,4,1,1,0,4,10,15,0,0,1,0,0,11,1,37,1,1,0,2,0,1,0,0,0,0,0,0,0,0,0,0,0,0,0,68,293,3,24,7,9,1,15,140,8,12,9,1,0,0,7,0,135,0,0,333,0,0,0,2911,144,1
2014,PROVINSI DKI JAKARTA,JAKARTA BARAT,PALMERAH,KOTA BAMBU SELATAN,4080,4904,5649,153,187,16,16,6,2,0,0,2,3,0,5846,37,3,5,693,0,0,0,1,0,3,0,0,0,0,4,0,0,0,0,3,3,0,0,0,0,0,9,0,9,0,0,0,0,0,0,0,0,0,0,0,0,0,0,0,0,0,0,0,4,150,0,3,1,1,1,0,16,4,19,0,0,0,0,2,0,89,0,0,507,0,0,0,2275,58,0
2014,PROVINSI DKI JAKARTA,JAKARTA BARAT,KEMBANGAN,KEMBANGAN UTARA,9799,12048,13126,226,248,40,46,2,35,0,0,8,6,5,15701,55,1,36,450,2,0,0,11,0,0,0,0,0,0,7,0,0,0,1,3,9,0,0,0,0,0,15,0,23,1,0,0,0,0,0,0,0,0,0,0,0,0,0,0,1,0,0,0,36,443,1,12,2,4,8,6,80,23,21,1,1,0,0,5,2,151,0,0,169,0,0,0,5567,228,0
2014,PROVINSI DKI JAKARTA,JAKARTA BARAT,KEMBANGAN,MERUYA UTARA,6857,8644,10153,784,516,26,30,4,10,0,0,9,4,2,13300,117,2,1,269,25,0,0,7,0,0,1,0,0,0,0,0,0,0,0,1,7,0,0,0,0,0,28,0,42,0,0,0,1,0,0,0,0,0,0,0,0,0,0,0,0,0,1,0,63,344,1,15,6,10,1,6,168,6,9,5,1,0,0,5,0,110,0,0,26,0,0,0,3803,310,0
2014,PROVINSI DKI JAKARTA,JAKARTA BARAT,KEMBANGAN,MERUYA SELATAN,5713,5670,6914,544,747,23,28,2,24,0,0,7,4,3,7156,116,3,48,496,27,1,0,11,0,0,0,1,0,0,1,0,0,0,0,6,11,0,0,0,1,0,1,3,36,0,1,0,2,0,0,0,0,0,0,0,0,0,0,0,0,0,0,0,33,360,1,14,4,3,0,7,47,7,28,2,0,0,0,2,0,82,0,0,152,0,0,3,2761,226,0
2014,PROVINSI DKI JAKARTA,JAKARTA BARAT,KEMBANGAN,SRENGSENG,7812,8644,10911,511,561,29,47,7,2,0,2,12,19,4,11503,72,2,11,575,3,0,0,12,0,0,0,0,0,0,2,0,1,0,0,0,10,1,0,0,0,0,7,0,21,3,0,0,1,0,0,0,0,0,0,0,0,0,0,0,0,0,1,0,36,487,2,18,3,2,3,9,107,18,32,2,0,1,0,6,1,115,0,0,365,0,0,1,4140,298,0
2014,PROVINSI DKI JAKARTA,JAKARTA BARAT,KEMBANGAN,JOGLO,7182,7969,9944,678,835,20,41,30,5,0,1,3,7,2,10592,145,5,30,823,6,0,0,6,0,1,0,0,0,0,1,0,0,0,0,0,9,0,0,1,0,0,9,0,46,0,0,0,1,0,0,0,0,0,0,0,0,0,0,0,0,0,0,0,75,496,6,7,3,5,0,7,115,14,20,1,0,0,0,2,0,127,0,0,173,0,0,1,2902,146,0
2014,PROVINSI DKI JAKARTA,JAKARTA BARAT,KEMBANGAN,KEMBANGAN SELATAN,3798,5442,6779,248,169,10,9,0,5,0,1,5,3,3,7480,21,4,7,323,21,0,0,10,0,0,0,0,0,0,1,0,0,0,0,0,2,0,0,0,0,0,11,1,27,0,1,0,0,0,0,0,0,0,0,0,0,0,0,0,0,0,0,0,39,197,0,16,3,12,0,9,117,3,3,1,1,0,0,2,2,53,0,0,155,0,0,4,1888,213,0
2014,PROVINSI DKI JAKARTA,JAKARTA SELATAN,TEBET,TEBET TIMUR,2540,3473,4982,578,446,18,20,2,2,0,0,2,8,1,5516,235,9,2,56,0,0,0,10,0,0,0,0,0,0,1,0,1,0,0,1,23,0,0,0,0,0,14,0,30,2,0,0,2,0,0,0,0,0,0,0,0,0,0,0,0,0,0,0,69,162,5,32,11,4,0,15,174,5,5,3,2,1,0,5,1,32,0,0,80,3,0,0,1559,233,0
2014,PROVINSI DKI JAKARTA,JAKARTA SELATAN,TEBET,TEBET BARAT,2928,3964,6031,558,496,23,24,2,1,1,2,4,3,1,6829,197,6,18,152,0,0,0,16,0,0,0,0,0,0,6,0,0,0,0,0,21,0,0,1,0,1,18,0,39,1,1,1,1,0,0,0,0,0,0,0,0,0,0,0,0,0,0,0,65,167,3,33,17,8,0,19,174,6,12,2,1,0,2,2,2,64,0,0,144,0,0,0,1914,135,0
2014,PROVINSI DKI JAKARTA,JAKARTA SELATAN,TEBET,MENTENG DALAM,6633,7983,9419,667,604,22,19,0,1,0,0,4,14,2,11726,247,8,25,789,0,0,1,7,1,0,1,1,0,0,8,0,0,0,0,1,26,0,0,0,1,0,11,5,33,6,0,0,2,1,0,0,0,0,1,0,0,0,0,0,0,0,1,0,52,349,1,20,10,7,2,9,120,8,12,1,0,0,0,2,2,138,0,0,309,0,0,1,2305,185,0
2014,PROVINSI DKI JAKARTA,JAKARTA SELATAN,TEBET,KEBON BARU,6369,7806,9414,543,483,25,21,1,1,0,0,3,3,2,10700,160,7,18,837,0,0,0,16,0,0,0,0,0,0,3,0,0,0,0,18,23,0,0,0,0,0,4,0,27,1,0,0,3,1,0,0,0,0,0,0,0,0,0,0,0,0,1,0,49,392,6,30,8,8,0,6,103,12,21,4,1,0,0,8,0,152,0,0,122,0,0,0,3276,226,0
2014,PROVINSI DKI JAKARTA,JAKARTA SELATAN,TEBET,BUKIT DURI,6564,8244,9853,496,479,20,26,2,1,0,0,8,16,3,10688,145,6,13,772,0,0,0,6,0,0,0,0,0,0,8,0,1,1,0,8,14,1,0,0,1,0,2,0,32,6,0,0,1,0,0,0,0,0,0,0,0,0,0,0,0,0,0,0,36,325,2,10,2,1,2,10,56,12,22,5,0,0,0,17,1,164,0,1,439,0,0,0,2843,490,0
2014,PROVINSI DKI JAKARTA,JAKARTA SELATAN,TEBET,MANGGARAI SELATAN,4359,5090,5875,383,419,32,20,4,0,0,0,2,5,0,7200,131,11,9,555,1,0,0,7,0,0,0,1,0,0,9,0,1,0,0,6,7,0,0,0,0,0,4,1,22,0,0,0,0,1,0,0,0,0,0,0,0,0,0,0,0,0,0,0,27,250,1,6,1,1,0,6,40,4,12,0,0,0,0,7,0,82,0,0,234,0,0,0,1714,214,0
2014,PROVINSI DKI JAKARTA,JAKARTA SELATAN,TEBET,MANGGARAI,5729,7006,7554,441,445,65,23,5,0,0,0,2,5,4,8433,186,3,31,979,0,0,0,3,0,0,1,0,0,0,9,0,0,0,0,7,13,0,0,0,1,0,4,0,22,0,0,0,0,0,0,0,0,0,0,0,0,0,0,0,0,0,0,0,21,194,1,6,0,1,0,0,18,6,20,0,0,0,0,8,0,153,0,0,601,0,0,0,1703,247,0
2014,PROVINSI DKI JAKARTA,JAKARTA SELATAN,SETIA BUDI,SETIA BUDI,539,596,839,72,53,3,3,0,0,0,0,1,1,1,1026,13,0,1,46,0,0,0,4,0,0,0,0,0,0,0,0,0,0,0,1,2,0,0,0,0,0,3,0,3,0,0,0,0,0,0,0,0,0,2,0,0,0,0,0,0,0,0,0,10,21,0,4,1,0,0,0,20,1,1,0,1,0,0,0,0,7,0,0,6,0,0,0,338,26,0
2014,PROVINSI DKI JAKARTA,JAKARTA SELATAN,SETIA BUDI,KARET SEMANGGI,393,577,620,19,15,2,2,4,0,0,0,0,1,0,747,6,0,3,40,0,0,0,0,0,0,0,0,0,0,0,0,0,0,0,0,0,0,0,0,0,0,0,0,3,0,0,0,0,0,0,0,0,0,0,0,0,0,0,0,0,0,0,0,2,12,0,4,0,1,0,1,13,0,1,0,0,0,0,0,0,6,0,0,39,0,0,0,312,17,0
2014,PROVINSI DKI JAKARTA,JAKARTA SELATAN,SETIA BUDI,KARET KUNINGAN,2584,3357,4460,79,100,2,8,3,0,0,0,0,0,13,5205,18,0,3,19,1,0,0,2,0,0,0,0,0,0,10,0,0,0,0,1,2,0,0,0,0,0,1,0,12,0,0,0,0,0,0,0,0,0,0,0,0,0,0,0,0,0,0,0,11,140,0,6,1,1,0,0,10,3,4,0,0,0,0,0,0,35,0,0,231,0,0,0,1541,66,0
2014,PROVINSI DKI JAKARTA,JAKARTA SELATAN,SETIA BUDI,KARET,1729,2138,2750,160,137,7,20,0,0,0,0,2,1,0,3445,24,0,7,168,0,0,0,3,0,0,0,0,0,0,2,0,0,0,0,0,3,0,0,0,0,0,1,0,13,0,0,0,0,0,0,0,0,0,0,0,0,0,0,0,0,0,0,0,14,103,0,9,1,2,1,1,23,3,2,3,0,0,0,2,0,13,0,0,178,0,0,0,1053,27,0
2014,PROVINSI DKI JAKARTA,JAKARTA SELATAN,SETIA BUDI,MENTENG ATAS,5275,6266,6984,403,458,32,22,4,0,0,0,1,0,3,8553,114,3,11,841,1,0,0,3,0,0,0,0,0,0,3,0,0,0,0,13,14,0,0,0,1,0,7,0,21,2,0,0,0,0,0,0,0,0,0,0,0,0,0,0,0,0,0,0,28,263,2,22,5,2,0,6,73,5,18,0,0,0,0,2,3,87,0,0,375,0,0,0,2077,116,0
2014,PROVINSI DKI JAKARTA,JAKARTA SELATAN,SETIA BUDI,PASAR MANGGIS,5273,6172,7040,299,309,153,17,24,0,0,1,18,16,9,8147,87,6,23,402,1,0,0,5,0,0,1,0,0,0,7,0,0,0,1,2,18,0,0,0,0,0,10,0,16,1,0,0,0,0,0,0,0,0,0,0,0,0,0,0,0,0,1,0,23,171,2,8,2,3,1,3,39,6,19,1,0,0,0,1,0,111,0,0,584,0,0,0,1980,205,0
2014,PROVINSI DKI JAKARTA,JAKARTA SELATAN,SETIA BUDI,GUNTUR,820,831,858,122,60,4,4,0,0,0,0,2,3,0,1510,17,1,5,32,0,0,0,3,0,0,0,0,0,0,0,0,1,0,0,0,3,0,0,0,0,0,4,0,3,0,0,0,0,0,0,0,0,0,0,0,0,0,0,0,0,0,0,0,8,36,0,3,1,0,3,4,31,2,1,0,0,0,0,0,0,21,0,0,51,0,0,0,196,39,0
2014,PROVINSI DKI JAKARTA,JAKARTA SELATAN,SETIA BUDI,KUNINGAN TIMUR,910,1278,1744,64,59,20,0,0,0,0,0,4,2,2,2012,13,1,4,100,1,0,0,3,0,0,0,0,0,1,0,0,0,0,0,1,1,0,0,0,0,0,0,0,3,0,1,0,2,0,0,0,0,1,1,4,0,0,0,0,0,0,0,0,18,85,1,3,2,2,2,3,30,0,1,0,0,0,0,0,0,7,0,0,50,0,0,0,463,35,0
2014,PROVINSI DKI JAKARTA,JAKARTA SELATAN,MAMPANG PRAPATAN,MAMPANG PRAPATAN,3514,4045,4895,204,252,14,22,0,0,0,0,6,2,0,5932,64,4,3,207,0,0,0,1,0,0,0,0,0,0,14,0,0,0,0,6,4,0,0,0,0,0,0,0,25,0,0,0,0,0,0,0,0,3,0,0,0,0,0,0,0,0,0,0,22,228,0,9,2,0,0,4,16,3,5,1,0,0,0,3,1,49,0,0,250,0,0,0,1467,87,0
2014,PROVINSI DKI JAKARTA,JAKARTA SELATAN,MAMPANG PRAPATAN,BANGKA,3741,4711,5690,147,118,10,17,4,0,0,0,3,1,0,6192,42,3,5,561,1,0,0,24,0,0,1,0,0,0,0,0,0,0,0,0,16,0,0,1,0,0,3,0,8,0,0,0,4,0,0,0,0,0,1,0,0,0,0,0,0,0,1,0,22,184,2,17,3,9,0,10,57,4,5,2,1,0,0,1,0,66,0,0,209,0,0,0,2273,72,0
2014,PROVINSI DKI JAKARTA,JAKARTA SELATAN,MAMPANG PRAPATAN,PELA MAMPANG,7681,9379,11475,614,516,38,168,1,1,0,0,16,7,0,14753,155,4,18,1245,4,0,0,38,0,1,0,0,0,0,15,0,0,0,0,1,43,0,0,0,2,0,8,0,23,2,2,0,1,0,0,0,0,0,0,0,0,0,0,0,0,0,0,0,71,488,2,20,7,11,1,13,89,16,22,1,2,0,0,1,1,279,0,0,524,0,0,1,2794,149,0
2014,PROVINSI DKI JAKARTA,JAKARTA SELATAN,MAMPANG PRAPATAN,TEGAL PARANG,6293,6627,8160,245,330,24,56,8,0,0,1,2,7,2,9704,73,4,11,112,0,0,0,4,0,0,0,0,0,0,3,0,0,0,0,0,17,0,0,0,0,0,5,0,23,0,0,0,3,1,0,0,0,0,0,0,0,0,0,0,0,0,1,0,42,500,3,11,1,1,0,3,50,6,11,4,0,0,0,3,0,38,0,0,373,0,0,0,3634,159,0
2014,PROVINSI DKI JAKARTA,JAKARTA SELATAN,MAMPANG PRAPATAN,KUNINGAN BARAT,2487,2692,3255,64,127,9,14,2,1,0,0,1,2,3,4758,13,2,2,120,0,0,0,5,0,0,0,0,0,0,9,0,0,0,0,0,2,0,0,0,0,0,0,0,4,0,0,0,0,0,0,0,0,0,0,0,0,0,0,0,0,0,0,0,9,99,0,2,0,0,0,0,3,1,4,0,1,0,0,0,0,60,0,0,322,0,0,0,590,44,0
2014,PROVINSI DKI JAKARTA,JAKARTA SELATAN,PASAR MINGGU,PASAR MINGGU,4201,4748,7144,817,995,34,124,0,1,0,1,3,2,0,6772,251,4,44,288,0,0,0,9,0,0,0,0,0,0,1,0,0,0,0,2,13,0,0,0,0,0,9,0,19,0,0,0,2,0,0,0,0,0,0,0,0,0,0,0,0,0,1,0,71,199,5,9,4,3,0,5,84,9,10,1,2,0,1,5,2,67,0,0,543,0,0,1,1657,43,1
2014,PROVINSI DKI JAKARTA,JAKARTA SELATAN,PASAR MINGGU,JATI PADANG,6817,7426,9442,681,974,42,50,14,1,0,0,4,1,1,11652,170,6,11,495,0,0,0,4,0,0,0,0,0,0,2,0,0,0,0,6,26,0,0,0,0,0,8,0,39,2,0,1,3,1,0,0,0,1,0,0,0,0,0,0,0,0,1,0,75,373,6,20,5,10,2,16,117,6,23,3,1,0,0,6,1,51,0,0,179,0,0,6,2412,181,0
2014,PROVINSI DKI JAKARTA,JAKARTA SELATAN,PASAR MINGGU,CILANDAK TIMUR,4797,4928,6136,302,458,1497,33,0,4,0,0,1,2,2,6769,53,3,17,332,1,0,0,4,0,0,0,0,0,0,0,0,0,1,0,2,11,0,0,0,0,0,2,0,23,0,0,0,0,2,0,0,0,0,0,1,0,0,0,0,0,0,0,0,36,279,0,9,3,1,0,7,58,23,47,1,1,0,0,2,1,50,0,0,95,0,0,0,1539,34,0
2014,PROVINSI DKI JAKARTA,JAKARTA SELATAN,PASAR MINGGU,RAGUNAN,7337,8173,9774,739,995,186,153,7,0,0,0,3,4,4,12438,157,4,21,249,0,0,0,10,0,0,0,0,0,0,0,0,0,0,0,2,21,0,0,0,0,0,4,1,27,1,0,0,0,0,0,0,0,0,0,0,0,0,0,0,0,0,0,0,52,306,2,20,8,6,0,16,92,6,13,3,3,0,0,1,2,56,0,0,116,0,0,0,2990,127,0
2014,PROVINSI DKI JAKARTA,JAKARTA SELATAN,PASAR MINGGU,PEJATEN TIMUR,11218,12008,15212,748,1283,65,72,3,3,0,0,7,3,2,15002,288,7,48,1157,3,0,0,5,1,0,0,0,1,0,22,0,0,0,0,9,25,0,0,0,0,0,5,0,58,2,1,0,3,0,0,0,0,0,0,0,0,0,0,0,0,0,2,0,76,490,4,15,10,3,1,8,107,18,35,7,1,0,0,9,5,220,0,0,1.292,1,0,0,5457,203,0
2014,PROVINSI DKI JAKARTA,JAKARTA SELATAN,PASAR MINGGU,PEJATEN BARAT,6614,7304,9538,664,704,37,442,5,0,0,1,4,9,0,11557,186,2,19,522,0,0,0,7,0,0,0,0,0,0,13,0,0,0,0,5,23,0,0,0,0,0,2,0,38,0,0,0,9,0,1,0,0,0,0,0,0,0,0,0,0,0,2,0,69,295,8,28,12,15,5,18,162,11,23,7,3,0,0,3,2,112,0,0,256,0,0,0,2371,120,2
2014,PROVINSI DKI JAKARTA,JAKARTA SELATAN,PASAR MINGGU,KEBAGUSAN,8814,8860,10786,458,875,75,64,4,9,0,0,0,5,1,12387,133,3,28,830,4,0,0,6,0,0,0,0,0,1,4,0,0,0,0,3,13,0,0,0,0,0,6,0,34,4,0,0,1,0,0,0,0,0,0,0,0,0,0,0,0,0,0,0,37,460,3,13,6,5,1,7,66,17,25,4,1,0,0,7,3,142,0,0,264,0,0,1,2520,72,0
2014,PROVINSI DKI JAKARTA,JAKARTA SELATAN,KEBAYORAN LAMA,KEBAYORAN LAMA UTARA,7627,8723,11136,551,578,54,93,8,1,0,1,14,11,2,11480,152,8,37,668,2,0,0,6,1,0,0,0,0,0,2,0,0,0,0,7,19,0,0,0,0,0,9,0,46,1,0,0,2,0,0,0,0,0,0,1,0,0,0,0,0,0,0,0,53,395,4,20,5,5,1,9,104,12,27,2,1,1,0,7,0,217,0,0,956,0,1,0,5952,290,0
2014,PROVINSI DKI JAKARTA,JAKARTA SELATAN,KEBAYORAN LAMA,PONDOK PINANG,9612,11142,14735,1199,1053,55,307,17,1,0,0,12,14,11,17871,193,2,10,442,0,0,0,19,0,0,0,14,0,0,3,0,0,0,0,3,24,0,0,0,0,0,9,0,36,1,1,0,7,0,2,0,0,0,0,0,0,0,0,0,0,0,0,0,112,582,22,33,14,23,1,24,273,13,30,5,5,0,0,0,1,73,0,0,204,0,0,0,3330,715,0
2014,PROVINSI DKI JAKARTA,JAKARTA SELATAN,KEBAYORAN LAMA,CIPULIR,7040,7851,10234,407,475,188,44,0,1,0,1,12,16,3,10778,136,2,27,588,1,0,1,2,0,0,0,0,0,0,9,0,1,0,0,3,10,0,0,0,0,0,8,0,21,0,0,0,0,0,0,0,0,0,0,0,0,0,0,0,0,0,0,0,29,404,1,9,1,2,4,5,45,11,15,1,0,0,0,4,0,153,0,0,1.074,0,1,0,3642,251,0
2014,PROVINSI DKI JAKARTA,JAKARTA SELATAN,KEBAYORAN LAMA,GROGOL UTARA,7748,9320,10501,431,335,26,19,0,1,0,0,7,2,1,12429,72,3,11,1195,1,0,0,8,0,0,0,0,0,0,9,0,0,0,0,0,11,0,0,0,0,0,8,0,27,1,0,0,3,0,0,0,0,0,1,0,0,0,0,0,0,0,1,0,46,383,3,16,3,2,2,13,78,8,16,0,1,0,0,3,2,107,0,0,149,0,0,0,4656,150,0
2014,PROVINSI DKI JAKARTA,JAKARTA SELATAN,KEBAYORAN LAMA,GROGOL SELATAN,7876,9222,11115,580,538,37,44,11,1,0,0,8,3,8,13141,148,2,18,532,3,0,0,9,0,0,0,0,0,0,12,0,0,0,0,4,15,0,0,0,0,0,7,0,35,1,1,0,2,0,0,0,0,0,0,0,0,0,0,0,0,0,1,0,51,397,4,19,2,12,1,5,92,9,22,2,1,0,0,3,1,151,0,0,576,0,0,0,3977,240,0
2014,PROVINSI DKI JAKARTA,JAKARTA SELATAN,KEBAYORAN LAMA,KEBAYORAN LAMA SELATAN,7174,8096,10395,874,801,317,102,0,2,0,0,7,2,2,13125,123,4,6,766,3,0,0,3,0,0,0,0,0,0,5,0,0,0,0,3,15,0,0,0,0,0,10,0,42,1,0,0,1,0,0,0,0,0,0,0,0,0,0,0,0,0,0,0,44,387,3,12,2,2,0,3,69,10,39,3,4,0,0,7,0,86,0,0,188,0,0,0,2704,305,0
2014,PROVINSI DKI JAKARTA,JAKARTA SELATAN,CILANDAK,CILANDAK BARAT,8151,10691,13979,993,906,46,52,0,2,0,1,5,4,4,17537,295,7,22,228,1,0,0,13,0,0,0,0,0,0,4,0,0,0,0,1,26,0,0,1,1,0,16,7,62,0,0,0,1,0,0,0,0,0,1,0,0,0,0,0,0,0,0,0,114,453,11,33,13,18,4,8,168,13,56,4,1,1,1,0,1,93,0,1,14,0,0,0,3983,454,0
2014,PROVINSI DKI JAKARTA,JAKARTA SELATAN,CILANDAK,LEBAK BULUS,6318,7231,9628,760,856,41,44,2,7,0,1,6,7,0,9878,115,5,15,22,2,0,0,22,0,0,0,0,0,0,2,0,0,0,0,0,12,0,0,0,0,0,14,0,35,1,0,0,4,0,0,0,0,0,0,0,0,0,0,0,0,0,1,0,86,385,15,37,12,15,2,8,172,17,28,4,2,0,1,5,1,82,0,0,165,0,0,11,3602,177,0
2014,PROVINSI DKI JAKARTA,JAKARTA SELATAN,CILANDAK,PONDOK LABU,8665,8663,11434,1011,1224,199,72,0,8,0,0,11,12,2,13143,191,1,30,509,1,0,0,14,0,0,0,0,0,0,1,0,0,0,0,9,28,0,0,1,1,0,11,0,40,0,0,0,4,0,0,0,0,0,0,1,0,0,0,0,0,0,0,0,84,422,8,23,8,4,1,12,119,14,45,4,0,0,0,5,6,173,0,0,249,0,0,2,2827,234,0
2014,PROVINSI DKI JAKARTA,JAKARTA SELATAN,CILANDAK,GANDARIA SELATAN,3925,4274,5636,317,345,15,33,15,0,0,0,1,1,21,7398,61,1,17,220,0,0,1,4,0,0,0,0,0,0,0,0,0,0,1,2,16,0,0,0,0,0,8,0,13,0,0,0,1,0,0,0,0,0,0,0,0,0,0,0,0,0,0,0,28,216,6,11,5,2,1,1,63,6,5,1,1,0,0,0,1,58,0,1,82,0,0,0,1398,211,0
2014,PROVINSI DKI JAKARTA,JAKARTA SELATAN,CILANDAK,CIPETE SELATAN,4290,5755,7746,438,363,19,16,4,0,0,0,2,9,1,9033,150,0,11,285,10,0,0,14,0,0,0,0,0,0,3,0,0,0,0,7,21,0,0,0,1,0,5,0,18,2,0,0,8,0,0,0,0,0,0,0,0,0,0,0,0,0,0,0,58,213,7,22,7,11,2,14,86,7,13,1,1,1,0,1,0,101,0,0,105,0,0,0,1299,151,0
2014,PROVINSI DKI JAKARTA,JAKARTA SELATAN,KEBAYORAN BARU,MELAWAI,302,506,796,113,74,6,59,3,0,0,0,0,3,0,828,40,1,0,2,0,0,0,4,0,0,0,0,0,0,0,0,0,0,0,1,6,0,0,0,0,0,5,0,6,0,0,0,1,0,0,0,0,0,1,0,0,0,0,0,0,0,0,0,17,9,3,8,3,6,2,7,44,0,0,0,2,0,0,0,0,2,0,0,7,0,0,0,283,68,0
2014,PROVINSI DKI JAKARTA,JAKARTA SELATAN,KEBAYORAN BARU,GUNUNG,1418,1957,2509,274,184,8,8,2,1,0,0,2,2,0,2853,65,2,11,72,0,0,0,15,0,0,0,0,0,0,1,0,0,0,0,1,5,0,0,2,1,0,4,0,12,1,0,0,2,0,0,0,0,0,1,0,0,0,0,0,0,0,0,0,29,52,2,12,4,7,2,12,92,1,8,1,1,0,0,3,1,25,0,0,118,0,0,0,812,20,0
2014,PROVINSI DKI JAKARTA,JAKARTA SELATAN,KEBAYORAN BARU,KRAMAT PELA,2214,2844,3684,310,250,10,19,3,0,0,0,2,2,1,4415,100,1,12,197,0,0,0,18,0,0,0,0,0,0,9,0,0,1,0,0,10,0,1,1,1,0,4,2,19,0,0,0,3,1,0,0,0,0,1,0,0,0,0,0,0,0,0,0,33,110,1,10,5,6,4,6,63,5,7,1,0,1,0,1,1,101,0,0,316,1,0,3,1168,29,0
2014,PROVINSI DKI JAKARTA,JAKARTA SELATAN,KEBAYORAN BARU,SELONG,448,708,931,139,70,2,4,1,0,0,0,3,4,1,1068,24,1,2,27,0,0,0,6,0,0,0,0,0,0,0,0,0,0,0,0,4,0,0,0,0,0,1,0,6,2,0,0,4,0,0,0,0,0,1,0,0,0,0,0,0,0,0,0,17,10,2,7,3,4,0,1,34,1,2,0,1,0,0,0,2,7,0,0,23,0,0,0,352,78,0
2014,PROVINSI DKI JAKARTA,JAKARTA SELATAN,KEBAYORAN BARU,RAWA BARAT,777,1092,1613,238,138,2,8,1,0,0,0,3,3,3,1896,48,1,9,57,0,0,0,8,0,0,0,0,0,0,2,0,0,0,0,3,8,0,0,1,0,0,0,1,5,0,0,0,2,0,0,0,0,0,0,0,0,0,0,0,0,0,0,0,23,62,2,11,6,4,0,8,68,2,2,0,1,1,0,0,1,20,0,1,36,0,0,0,368,28,0
2014,PROVINSI DKI JAKARTA,JAKARTA SELATAN,KEBAYORAN BARU,SENAYAN,535,764,1017,71,55,1,8,0,1,0,0,2,0,1,1116,32,2,8,21,0,0,0,4,0,0,0,0,0,0,0,0,1,0,0,0,1,0,0,0,1,0,2,0,6,0,0,0,3,0,0,0,0,0,2,0,0,0,0,0,0,0,0,0,11,50,0,6,0,1,0,3,22,1,2,2,0,0,0,1,1,7,0,0,35,0,0,0,387,17,0
2014,PROVINSI DKI JAKARTA,JAKARTA SELATAN,KEBAYORAN BARU,PULO,787,1168,1690,137,118,9,4,0,0,0,0,0,0,0,2200,48,1,2,12,2,0,0,5,0,0,0,0,0,0,1,0,0,1,0,0,6,0,0,0,0,0,2,0,11,0,0,0,2,0,0,0,1,0,0,0,0,0,0,0,0,0,0,0,29,41,1,12,5,5,0,1,58,3,1,0,1,0,0,0,0,5,0,0,84,0,0,0,497,41,0
2014,PROVINSI DKI JAKARTA,JAKARTA SELATAN,KEBAYORAN BARU,PETOGOGAN,2004,2441,3092,239,143,8,18,1,2,0,0,2,2,0,4347,68,6,7,175,2,0,0,6,0,0,0,0,0,0,4,0,0,0,0,0,6,0,0,0,0,0,5,0,8,0,0,0,2,0,0,0,0,0,0,1,0,0,0,0,0,0,1,0,31,74,3,6,2,7,0,5,39,1,1,1,1,0,0,1,1,100,0,0,107,0,0,0,632,73,0
2014,PROVINSI DKI JAKARTA,JAKARTA SELATAN,KEBAYORAN BARU,GANDARIA UTARA,6603,7856,10397,685,658,73,75,3,0,0,0,9,7,5,14253,147,3,5,392,0,0,0,9,0,0,1,0,0,0,6,0,0,1,0,1,25,0,0,1,1,0,5,0,32,0,0,0,2,0,0,0,0,0,0,0,0,0,0,0,0,0,0,0,48,352,2,20,6,5,0,10,90,7,15,3,0,0,1,5,0,73,0,0,155,0,0,0,2821,287,0
2014,PROVINSI DKI JAKARTA,JAKARTA SELATAN,KEBAYORAN BARU,CIPETE UTARA,6474,6773,8344,337,431,19,62,1,2,0,2,3,2,0,11567,68,4,9,878,2,0,0,7,5,0,1,1,2,1,19,1,1,0,0,34,16,0,0,1,0,0,3,0,24,0,0,0,1,0,0,0,0,0,0,0,0,0,0,0,0,0,1,0,37,310,2,14,5,2,1,7,80,5,12,4,1,0,0,2,1,216,1,0,854,1,0,0,1157,111,0
2014,PROVINSI DKI JAKARTA,JAKARTA SELATAN,PANCORAN,PANCORAN,3535,3871,4914,220,276,98,20,1,1,0,0,4,3,2,5527,61,1,6,245,0,0,0,4,0,1,0,0,0,0,4,0,1,0,0,1,9,0,0,0,1,0,1,0,15,1,0,0,1,0,0,0,0,1,0,0,0,0,0,0,0,0,0,0,35,323,2,10,3,0,0,1,43,3,7,0,0,0,0,1,0,43,0,0,188,0,0,0,1390,65,0
2014,PROVINSI DKI JAKARTA,JAKARTA SELATAN,PANCORAN,KALIBATA,7918,8903,11091,620,555,179,63,0,0,0,2,6,6,5,11823,153,5,19,466,0,0,0,11,0,0,0,0,0,0,20,0,0,0,0,6,14,1,0,0,0,0,6,0,25,0,0,0,3,0,0,0,0,0,1,0,0,0,0,0,0,0,0,0,59,502,16,19,8,11,0,13,101,14,29,1,3,0,0,6,1,146,0,0,176,0,0,0,3907,153,2
2014,PROVINSI DKI JAKARTA,JAKARTA SELATAN,PANCORAN,RAWA JATI,3074,3444,4616,393,448,80,19,3,1,0,0,6,14,7,5822,139,0,23,140,0,0,0,4,0,0,0,0,0,0,0,0,0,0,0,0,5,0,0,0,0,0,3,0,31,2,0,0,64,0,0,0,0,0,0,0,0,0,0,0,0,0,0,0,35,149,3,11,3,1,1,6,73,3,17,2,1,0,0,4,1,68,0,1,35,0,0,0,1293,220,0
2014,PROVINSI DKI JAKARTA,JAKARTA SELATAN,PANCORAN,DUREN TIGA,5147,5878,7136,446,367,21,70,1,0,0,1,4,1,3,8832,154,2,23,693,0,0,0,12,0,0,0,1,0,0,4,0,1,0,0,8,23,0,0,1,0,1,11,0,21,0,1,0,5,0,0,0,0,0,0,0,0,0,0,0,0,0,0,0,52,271,8,17,9,6,1,13,114,4,12,1,0,0,0,3,1,117,0,2,406,0,0,0,1888,116,0
2014,PROVINSI DKI JAKARTA,JAKARTA SELATAN,PANCORAN,PENGADEGAN,3731,4209,4968,373,376,32,129,1,3,0,1,2,2,1,6551,72,4,24,350,1,0,0,6,0,0,0,0,0,0,2,0,0,0,0,1,7,0,0,0,0,0,6,0,21,0,0,0,3,0,0,0,0,0,0,0,0,0,0,0,0,0,0,0,28,210,2,10,5,1,0,4,74,7,16,0,0,1,0,6,0,93,0,0,209,0,0,0,1013,94,0
2014,PROVINSI DKI JAKARTA,JAKARTA SELATAN,PANCORAN,CIKOKO,1990,2100,2742,129,224,17,75,2,0,0,0,2,9,1,3926,39,3,3,90,0,0,0,1,0,0,0,0,0,0,4,0,0,0,0,1,4,0,0,0,0,0,4,0,11,0,0,0,2,0,0,0,0,0,0,0,0,0,0,0,0,0,0,0,8,123,0,2,0,1,1,1,28,0,11,0,0,0,0,1,1,19,0,0,142,0,0,0,575,74,0
2014,PROVINSI DKI JAKARTA,JAKARTA SELATAN,JAGAKARSA,JAGAKARSA,10652,12083,15385,679,1190,145,102,3,68,0,1,10,9,13,14329,182,4,32,1003,2,0,0,10,0,0,0,0,0,0,11,0,0,0,0,14,17,0,0,0,0,0,6,2,39,2,1,0,5,0,0,0,0,0,0,0,0,0,0,0,0,0,0,0,81,647,5,19,4,6,0,7,104,31,36,4,0,0,0,7,2,226,0,1,377,0,0,0,4759,246,0
2014,PROVINSI DKI JAKARTA,JAKARTA SELATAN,JAGAKARSA,SRENGSENG SAWAH,10580,11518,14710,969,1253,1598,139,0,21,0,0,3,5,9,14336,176,3,42,1057,1,0,0,2,0,0,0,0,0,0,2,0,0,0,0,7,16,0,0,0,0,0,5,9,58,0,0,0,0,0,0,0,0,0,1,0,0,0,0,0,0,0,0,0,105,872,0,13,2,2,0,7,56,40,89,2,2,0,1,6,2,179,0,0,244,0,0,9,2982,213,0
2014,PROVINSI DKI JAKARTA,JAKARTA SELATAN,JAGAKARSA,CIGANJUR,6290,7109,9332,418,613,111,55,3,35,0,0,12,6,5,9797,146,4,39,559,68,1,0,6,0,0,0,0,0,0,2,0,1,0,0,9,22,0,0,0,0,0,2,0,46,2,0,1,1,0,0,0,0,2,0,1,0,0,0,0,0,0,0,0,42,509,0,15,0,3,0,9,40,9,35,1,2,0,0,1,3,139,0,0,169,0,0,0,2024,111,0
2014,PROVINSI DKI JAKARTA,JAKARTA SELATAN,JAGAKARSA,LENTENG AGUNG,10208,11257,13461,682,1027,180,76,2,1,0,1,6,7,6,13612,144,8,79,1278,6,0,0,5,0,0,0,0,0,0,1,0,1,0,0,6,16,1,0,0,2,0,3,0,69,5,1,0,2,0,0,0,0,0,0,0,0,0,0,0,0,0,0,0,79,487,1,16,2,0,0,5,51,18,47,9,2,0,0,6,4,182,0,0,406,0,0,0,3395,181,0
2014,PROVINSI DKI JAKARTA,JAKARTA SELATAN,JAGAKARSA,TANJUNG BARAT,7329,7843,10051,623,880,62,85,3,11,0,1,6,9,4,10428,227,11,17,666,5,0,0,16,0,0,1,0,0,0,4,0,0,0,0,11,14,0,0,0,0,0,8,0,19,2,0,0,3,0,0,0,0,0,0,0,0,0,0,0,0,0,0,0,100,417,9,14,4,4,0,2,114,15,26,2,0,0,0,5,1,133,0,0,272,0,0,0,2659,172,3
2014,PROVINSI DKI JAKARTA,JAKARTA SELATAN,JAGAKARSA,CIPEDAK,5951,6953,9709,269,707,224,55,8,47,2,1,2,3,4,9048,78,7,14,737,5,0,0,2,0,0,0,0,0,0,3,0,0,0,0,0,13,0,0,0,0,0,2,0,25,0,1,0,2,0,0,0,0,0,0,0,0,0,0,0,0,0,0,0,30,509,1,12,2,1,0,6,26,12,29,1,0,0,0,2,1,172,0,0,160,0,0,0,1698,116,0
2014,PROVINSI DKI JAKARTA,JAKARTA SELATAN,PESANGGRAHAN,PESANGGRAHAN,5333,5340,6732,568,487,869,46,1,2,0,0,7,12,2,7615,83,5,17,357,1,0,0,5,0,0,0,0,0,0,2,0,0,0,0,2,11,0,0,0,2,0,10,0,28,0,0,1,0,0,0,0,0,0,0,0,0,0,0,0,0,0,0,0,38,278,8,14,1,2,0,6,60,18,23,1,1,0,1,7,0,46,0,0,160,0,0,0,1493,192,0
2014,PROVINSI DKI JAKARTA,JAKARTA SELATAN,PESANGGRAHAN,BINTARO,8564,9896,13362,1023,936,68,101,0,0,0,0,5,14,6,16509,121,6,19,368,0,0,0,11,0,0,0,2,0,0,4,0,0,0,0,1,34,0,0,0,0,0,13,1,36,2,1,0,3,0,0,0,0,0,0,0,0,0,0,0,0,0,0,0,66,388,14,17,11,10,2,17,153,9,30,2,4,0,0,8,0,45,0,0,77,0,0,0,3279,537,0
2014,PROVINSI DKI JAKARTA,JAKARTA SELATAN,PESANGGRAHAN,PETUKANGAN UTARA,10017,10586,13341,685,673,147,81,22,3,0,0,9,10,5,14970,140,5,20,603,0,0,0,2,0,0,0,0,0,0,2,0,0,0,0,0,13,0,0,1,0,0,12,0,38,1,0,0,2,0,1,0,0,0,0,0,0,0,0,0,0,0,1,0,58,597,2,16,3,2,0,6,75,16,31,1,0,0,0,3,0,83,0,0,147,0,0,0,4783,216,0
2014,PROVINSI DKI JAKARTA,JAKARTA SELATAN,PESANGGRAHAN,PETUKANGAN SELATAN,6307,6668,8817,507,525,22,39,15,2,0,0,6,8,3,12086,128,2,9,443,0,0,0,16,0,0,0,0,0,0,7,0,0,1,0,4,8,0,0,0,0,0,15,0,38,1,0,0,2,1,0,0,0,0,0,0,0,0,0,0,0,0,0,0,60,291,16,20,5,0,0,8,87,13,9,2,2,0,1,1,1,91,0,0,212,0,0,0,1921,156,0
2014,PROVINSI DKI JAKARTA,JAKARTA SELATAN,PESANGGRAHAN,ULUJAMI,7237,8164,10765,505,535,25,139,1,0,0,0,1,7,0,11739,95,2,10,411,2,0,0,7,0,0,0,0,0,0,2,0,0,0,0,0,11,0,0,0,0,0,1,2,28,2,0,0,6,0,0,0,0,0,0,0,0,0,0,0,0,0,0,0,40,473,1,10,2,1,0,0,52,8,17,1,1,0,0,5,0,70,0,0,130,0,0,0,4425,107,0
2014,PROVINSI DKI JAKARTA,JAKARTA TIMUR,MATRAMAN,PISANGAN BARU,6261,7345,7970,475,513,30,24,1,1,0,0,4,7,2,8539,116,1,55,902,2,0,0,4,1,3,0,0,0,0,14,0,0,0,0,23,16,0,0,0,1,0,3,0,20,5,0,0,1,0,0,0,0,0,0,0,0,0,0,0,0,0,0,0,26,297,0,15,1,2,1,5,40,8,30,0,0,0,0,13,1,186,0,0,1.285,1,0,0,2240,677,0
2014,PROVINSI DKI JAKARTA,JAKARTA TIMUR,MATRAMAN,UTAN KAYU UTARA,4523,5599,8175,516,749,39,13,3,0,0,0,4,4,1,9337,166,16,22,433,2,1,0,6,0,0,0,0,1,0,7,0,0,0,0,4,8,0,0,0,0,1,9,0,41,0,0,0,2,0,0,0,0,0,0,0,0,0,0,0,0,0,1,0,67,280,0,22,5,0,1,3,80,5,31,1,2,0,0,14,3,81,0,1,327,1,0,4,1903,99,0
2014,PROVINSI DKI JAKARTA,JAKARTA TIMUR,MATRAMAN,KAYU MANIS,5061,5806,6903,392,512,25,19,4,0,0,1,5,4,1,6947,141,6,33,1366,1,0,0,4,1,0,0,0,0,0,2,0,0,0,0,2,9,0,0,0,0,0,4,0,19,2,0,0,0,0,0,0,0,0,0,0,0,0,0,0,0,0,0,0,37,280,1,14,1,1,0,0,49,8,29,1,0,0,0,13,0,84,0,1,209,0,0,0,1784,127,0
2014,PROVINSI DKI JAKARTA,JAKARTA TIMUR,MATRAMAN,PAL MERIAM,3464,4600,5429,250,337,116,18,4,1,0,0,3,8,1,5721,69,7,23,293,2,0,0,5,1,0,1,0,0,0,6,0,0,1,0,9,7,0,0,0,0,0,6,13,22,1,2,0,1,0,0,0,0,2,0,0,0,0,0,0,0,0,0,0,26,155,0,23,0,1,1,0,41,6,16,0,0,0,0,2,1,48,0,0,324,0,0,15,2438,190,0
2014,PROVINSI DKI JAKARTA,JAKARTA TIMUR,MATRAMAN,KEBON MANGGIS,2900,3777,4504,462,445,484,30,5,0,0,1,3,4,0,4517,87,1,22,359,0,0,0,5,0,0,0,0,0,0,0,0,0,0,0,0,11,0,0,0,0,1,10,0,23,2,0,0,0,0,0,0,0,0,0,1,0,0,0,0,0,0,1,0,28,182,0,15,1,2,1,1,38,3,30,0,1,0,0,12,0,53,0,0,63,0,0,0,1439,117,0
2014,PROVINSI DKI JAKARTA,JAKARTA TIMUR,MATRAMAN,UTAN KAYU SELATAN,6342,6914,8630,895,916,49,32,4,0,0,1,11,11,4,9589,227,8,29,598,0,0,1,9,0,0,1,0,0,1,3,0,0,0,0,5,23,0,0,0,0,0,7,0,35,4,0,0,0,0,0,0,0,0,0,0,0,0,0,0,0,0,0,0,46,394,1,24,7,1,1,5,73,17,29,2,2,0,0,10,3,58,0,0,371,0,0,0,2561,373,1
2014,PROVINSI DKI JAKARTA,JAKARTA TIMUR,PULO GADUNG,PULO GADUNG,5996,6913,8904,469,350,107,36,3,0,0,0,18,19,3,10025,75,4,9,175,1,0,0,22,0,0,0,0,0,0,1,0,0,1,0,4,14,0,0,0,0,0,27,1,21,1,0,0,1,0,0,0,0,1,2,0,0,0,0,0,0,0,0,0,49,230,5,23,6,7,3,4,151,13,33,3,2,0,1,20,1,312,0,0,665,0,0,0,4131,300,0
2014,PROVINSI DKI JAKARTA,JAKARTA TIMUR,PULO GADUNG,PISANGAN TIMUR,7735,8959,11387,675,1267,54,58,0,0,0,1,9,7,2,12177,153,9,26,862,1,0,0,13,1,0,0,0,0,1,7,0,0,0,0,1,12,1,0,0,0,0,8,0,30,3,0,0,1,0,0,0,0,0,0,0,0,0,0,0,0,0,0,0,60,407,1,15,2,2,0,2,80,12,41,1,0,0,0,28,0,152,0,0,628,0,0,0,3062,244,0
2014,PROVINSI DKI JAKARTA,JAKARTA TIMUR,PULO GADUNG,CIPINANG,7297,8659,10592,931,1002,64,926,1,0,0,0,9,19,1,10776,145,8,3,29,0,0,0,1,0,0,0,0,0,0,1,0,0,0,0,0,26,0,0,0,2,0,14,1,28,4,0,0,0,0,0,0,0,1,0,0,0,0,0,0,0,0,0,0,54,411,0,23,7,1,1,2,124,25,51,4,0,0,0,6,0,160,0,0,36,0,0,1,4630,215,0
2014,PROVINSI DKI JAKARTA,JAKARTA TIMUR,PULO GADUNG,JATINEGARA KAUM,4639,4999,5745,209,265,27,176,2,0,0,0,3,7,0,6670,57,2,9,756,0,0,0,1,0,0,0,0,0,0,7,0,0,0,0,2,8,0,0,0,0,0,0,0,6,1,0,0,0,0,0,0,0,0,0,0,0,0,0,0,0,0,0,0,17,268,0,7,0,0,0,4,20,12,20,1,0,0,0,4,0,171,0,0,454,0,0,0,1276,114,0
2014,PROVINSI DKI JAKARTA,JAKARTA TIMUR,PULO GADUNG,RAWAMANGUN,6780,7578,9945,857,921,25,18,5,1,0,1,11,9,1,11778,192,6,14,768,1,0,0,12,0,0,0,0,0,0,2,0,1,0,0,6,19,0,0,0,0,0,30,1,34,3,0,0,0,0,1,0,0,0,0,0,0,0,0,0,0,0,1,0,145,497,3,23,7,1,1,6,181,12,23,3,2,0,0,8,0,129,0,0,357,0,0,1,2621,397,0
2014,PROVINSI DKI JAKARTA,JAKARTA TIMUR,PULO GADUNG,KAYU PUTIH,7330,8569,10551,1016,755,58,40,2,0,0,0,8,16,0,12584,218,9,22,1256,1,0,0,11,0,0,0,1,0,0,3,0,0,0,0,11,30,0,0,0,0,0,57,3,53,1,1,0,6,0,1,0,0,0,0,0,0,0,0,0,0,0,0,1,104,410,5,54,4,6,5,17,239,12,75,4,1,0,0,23,2,179,0,0,346,0,0,9,3345,408,0
2014,PROVINSI DKI JAKARTA,JAKARTA TIMUR,PULO GADUNG,JATI,4790,6629,9425,804,717,26,19,1,0,0,0,4,6,1,10096,200,6,11,336,0,0,0,20,0,0,0,0,0,0,1,0,0,0,0,13,13,0,0,0,0,0,22,0,28,6,0,0,0,0,0,0,0,1,0,0,0,0,0,0,0,0,0,0,107,263,5,24,16,8,7,14,253,17,26,5,3,0,0,6,1,158,0,0,409,4,0,0,2824,292,0
2014,PROVINSI DKI JAKARTA,JAKARTA TIMUR,JATINEGARA,KAMPUNG MELAYU,5386,6656,6922,145,132,24,7,2,0,0,0,14,5,1,4913,25,6,14,1524,6,1,1,0,0,1,0,0,0,1,12,0,0,0,0,14,12,1,0,0,0,0,11,0,6,21,0,0,0,0,0,0,0,0,0,0,0,0,0,0,0,0,0,0,8,138,0,3,0,0,0,1,12,4,8,2,0,0,0,0,0,243,1,1,1.198,1,0,16,2573,344,0
2014,PROVINSI DKI JAKARTA,JAKARTA TIMUR,JATINEGARA,BIDARA CINA,6804,8176,10374,440,495,46,107,10,2,0,0,4,9,13,11711,104,4,56,804,0,0,0,5,0,0,0,0,0,1,22,0,0,0,0,11,21,0,0,1,0,0,32,4,34,0,0,0,0,0,0,0,0,0,0,0,0,0,0,0,0,0,0,0,49,373,0,16,6,1,3,10,79,17,25,2,0,0,0,20,4,189,0,0,525,0,0,12,2982,317,0
2014,PROVINSI DKI JAKARTA,JAKARTA TIMUR,JATINEGARA,BALI MESTER,1480,2277,2629,74,65,24,7,6,0,0,0,1,0,1,2950,13,0,5,232,0,0,0,9,0,0,0,0,0,0,4,3,0,0,0,6,7,0,0,0,0,0,12,1,3,0,0,0,0,0,0,0,0,0,0,0,0,0,0,0,0,0,0,0,7,46,0,6,0,2,0,4,39,0,4,1,0,0,0,1,0,60,0,0,285,0,0,8,915,68,0
2014,PROVINSI DKI JAKARTA,JAKARTA TIMUR,JATINEGARA,RAWA BUNGA,4285,5050,5293,153,204,16,12,0,0,0,0,2,1,0,5342,29,3,14,840,0,0,0,2,0,0,0,0,0,0,6,0,0,0,0,18,8,0,0,0,0,1,1,0,15,1,1,0,0,0,0,0,0,0,0,0,0,0,0,0,0,0,0,0,18,182,0,3,1,1,0,3,33,4,11,2,0,0,0,2,0,130,0,0,679,0,0,0,1825,136,0
2014,PROVINSI DKI JAKARTA,JAKARTA TIMUR,JATINEGARA,CIPINANG CEMPEDAK,5844,7487,8614,575,454,84,20,1,0,0,1,5,8,1,9770,159,1,9,517,1,0,0,7,0,0,0,0,0,0,4,0,0,0,0,12,23,0,0,0,1,0,19,0,27,16,0,0,0,0,0,0,0,0,1,0,0,0,0,0,0,0,0,0,64,350,2,21,9,6,1,4,130,6,19,3,1,0,0,10,1,94,0,0,291,1,0,0,3355,378,0
2014,PROVINSI DKI JAKARTA,JAKARTA TIMUR,JATINEGARA,CIPINANG MUARA,10322,11894,13808,1488,1158,73,66,10,4,0,0,12,22,2,15041,326,12,73,1502,4,0,0,20,0,0,0,0,0,0,8,1,2,0,1,18,35,0,0,0,1,0,23,1,110,0,6,0,2,0,0,0,0,0,2,0,0,0,0,0,0,0,0,0,89,693,2,32,13,10,7,17,192,24,53,4,0,0,0,18,3,334,0,0,643,1,0,0,5081,382,2
2014,PROVINSI DKI JAKARTA,JAKARTA TIMUR,JATINEGARA,CIPINANG BESAR SELATAN,6399,7885,9170,447,465,50,33,5,1,0,1,1,6,0,9291,118,3,24,1369,1,1,0,8,0,0,0,1,0,1,4,0,0,0,0,6,14,0,0,0,0,0,5,0,24,11,0,0,1,0,0,0,0,1,1,0,0,0,0,0,1,0,2,0,30,331,3,12,3,2,0,4,87,12,24,3,1,0,0,11,0,188,0,2,604,0,0,0,2546,164,0
2014,PROVINSI DKI JAKARTA,JAKARTA TIMUR,JATINEGARA,CIPINANG BESAR UTARA,9659,11644,11892,608,706,78,52,7,1,0,0,7,9,2,12028,73,5,30,1476,4,0,0,3,0,0,0,1,0,0,9,2,0,0,0,11,12,0,0,0,0,0,8,1,23,7,1,0,0,0,0,0,0,0,0,0,0,0,0,0,0,0,0,0,24,374,0,8,0,0,0,1,21,13,36,3,0,0,0,12,2,353,0,0,903,0,0,0,5515,575,0
2014,PROVINSI DKI JAKARTA,JAKARTA TIMUR,KRAMAT JATI,KRAMAT JATI,6278,6794,9337,519,646,468,180,0,1,0,0,5,13,1,9028,53,2,33,519,0,0,0,2,0,0,0,0,0,0,4,0,0,0,0,6,14,0,0,0,0,0,24,0,27,1,0,0,0,0,0,0,0,0,0,0,0,0,0,0,0,0,0,0,31,377,1,9,1,0,1,3,44,23,78,2,2,0,0,18,1,122,0,0,1.122,0,0,0,2921,126,0
2014,PROVINSI DKI JAKARTA,JAKARTA TIMUR,KRAMAT JATI,KAMPUNG TENGAH,8281,9255,11960,584,760,275,142,5,1,0,0,14,13,3,9704,101,4,13,803,0,1,0,6,0,0,0,0,0,0,3,0,0,0,0,3,8,0,0,0,0,0,7,0,22,10,0,0,0,0,0,0,0,0,0,0,0,0,0,0,0,0,0,0,34,414,1,6,0,2,0,2,82,19,49,4,0,0,0,13,1,124,0,0,1.423,0,0,0,4288,210,0
2014,PROVINSI DKI JAKARTA,JAKARTA TIMUR,KRAMAT JATI,DUKUH,4927,5163,5760,354,446,54,90,3,0,0,0,2,6,2,6347,177,28,22,432,0,0,0,3,0,0,0,0,0,0,0,0,0,1,0,2,17,0,0,0,0,0,5,0,10,1,0,0,1,0,0,0,0,0,0,0,0,0,0,0,0,0,0,0,17,208,7,4,3,1,1,3,57,12,30,0,0,0,0,7,1,89,0,0,385,0,0,0,1828,60,0
2014,PROVINSI DKI JAKARTA,JAKARTA TIMUR,KRAMAT JATI,BATU AMPAR,8482,9638,12540,758,884,106,110,1,0,0,0,17,18,8,11427,210,10,41,384,1,0,0,6,0,0,0,1,0,0,0,0,0,0,0,0,27,0,0,0,0,0,8,0,49,4,0,0,3,1,1,0,0,0,0,0,0,0,0,0,0,0,1,0,54,512,5,11,6,1,0,5,97,20,35,2,3,0,1,11,1,130,0,1,694,1,0,0,4802,539,0
2014,PROVINSI DKI JAKARTA,JAKARTA TIMUR,KRAMAT JATI,BALE KAMBANG,5085,5747,7291,338,460,43,35,5,1,0,0,7,11,1,6848,110,8,21,473,1,1,0,3,0,0,0,0,0,0,2,0,0,0,0,0,18,0,0,0,0,0,2,0,25,4,0,0,0,0,0,0,0,0,0,0,0,0,0,0,0,0,0,0,43,316,1,6,0,4,0,3,65,13,18,1,2,0,0,5,1,97,0,0,347,0,0,0,2583,162,0
2014,PROVINSI DKI JAKARTA,JAKARTA TIMUR,KRAMAT JATI,CILILITAN,8200,8978,10431,699,818,173,64,2,1,0,1,3,13,0,11558,134,6,22,625,0,0,0,8,0,0,0,0,0,0,11,0,0,0,0,2,12,0,0,0,0,1,35,0,41,15,0,0,1,0,0,0,0,0,0,0,0,0,0,0,0,0,0,0,57,454,1,27,5,1,1,9,67,24,71,3,1,0,0,17,0,150,0,0,824,0,0,0,3345,250,0
2014,PROVINSI DKI JAKARTA,JAKARTA TIMUR,KRAMAT JATI,CAWANG,6700,7424,8746,362,534,114,43,1,0,0,1,11,9,0,10231,115,12,50,934,0,1,0,6,0,0,0,0,0,2,3,0,0,4,0,10,36,0,0,0,0,0,14,0,39,5,0,0,2,0,0,0,0,0,0,0,0,0,0,0,0,0,0,0,55,317,2,15,4,1,0,4,82,12,51,3,0,0,1,21,0,139,0,0,365,0,0,0,2652,126,0
2014,PROVINSI DKI JAKARTA,JAKARTA TIMUR,PASAR REBO,GEDONG,6325,6970,9029,646,770,567,203,0,0,0,0,4,3,0,9794,112,10,36,549,0,0,0,9,0,0,0,0,0,0,0,0,0,0,0,0,17,0,0,0,1,1,8,1,26,1,0,0,1,0,0,0,0,1,0,0,0,0,0,0,0,0,0,0,44,382,8,12,2,2,0,4,100,19,74,4,1,1,0,6,2,86,0,0,420,0,0,0,2362,128,0
2014,PROVINSI DKI JAKARTA,JAKARTA TIMUR,PASAR REBO,BARU,5359,4834,5984,345,614,2387,78,0,1,0,1,2,3,3,4294,95,8,34,268,0,0,0,3,0,0,0,0,0,0,0,0,0,0,0,0,6,0,0,0,0,0,3,1,10,1,0,0,0,0,0,0,0,0,0,0,0,0,0,0,0,0,0,0,21,334,0,2,2,0,0,3,57,28,95,3,1,0,0,7,0,58,1,0,65,0,0,0,1685,75,1
2014,PROVINSI DKI JAKARTA,JAKARTA TIMUR,PASAR REBO,CIJANTUNG,8230,8166,10133,593,980,701,156,8,5,0,1,3,2,5,10344,117,4,31,735,3,0,0,7,0,0,0,0,0,0,0,0,2,0,1,5,17,0,0,0,0,0,12,3,26,1,0,0,0,0,0,0,0,0,0,0,0,0,0,0,0,0,0,0,38,587,4,16,1,1,0,4,42,38,83,3,1,0,0,15,0,162,0,0,266,0,0,0,2791,153,0
2014,PROVINSI DKI JAKARTA,JAKARTA TIMUR,PASAR REBO,KALISARI,7878,8064,11487,713,1289,766,141,0,6,1,0,5,2,0,9506,257,14,65,841,3,0,0,5,1,0,0,0,0,0,7,0,0,0,0,6,19,0,0,0,1,0,6,0,33,0,1,0,0,1,0,0,0,0,0,0,0,0,0,0,1,0,0,0,49,805,1,16,2,3,0,3,51,29,75,2,0,0,0,10,1,172,1,0,248,0,1,0,3065,147,0
2014,PROVINSI DKI JAKARTA,JAKARTA TIMUR,PASAR REBO,PEKAYON,8751,8843,10239,404,731,818,202,4,2,0,0,1,2,1,11224,70,6,52,685,0,1,0,0,0,0,0,0,0,0,1,0,0,0,0,8,12,2,0,0,0,0,7,0,21,1,0,0,0,0,0,0,0,0,0,0,0,0,0,0,0,0,0,0,32,468,1,4,1,1,2,2,38,25,61,2,0,1,0,10,1,214,0,0,402,0,0,0,2784,131,0
2014,PROVINSI DKI JAKARTA,JAKARTA TIMUR,CAKUNG,JATINEGARA,17325,17340,20789,289,467,77,60,3,5,0,0,10,9,5,27177,65,3,9,1300,2,0,0,4,0,0,0,2,0,0,1,0,0,0,0,1,4,0,0,0,0,0,5,0,16,0,0,0,2,0,0,0,0,0,0,0,0,0,0,0,0,0,0,0,31,653,0,9,1,1,0,2,35,34,43,0,0,0,0,7,1,146,0,0,538,1,0,0,6880,405,0
2014,PROVINSI DKI JAKARTA,JAKARTA TIMUR,CAKUNG,RAWA TERATE,5979,6069,6086,108,98,42,20,1,3,0,0,6,8,1,8083,16,1,6,738,2,0,0,3,0,0,0,0,0,0,0,0,0,0,0,1,4,0,0,0,0,0,3,0,9,0,0,0,1,0,0,0,0,0,0,0,0,0,0,0,0,0,0,0,9,175,0,4,1,0,0,0,10,8,16,0,0,0,0,9,0,171,0,0,271,0,0,0,2383,152,0
2014,PROVINSI DKI JAKARTA,JAKARTA TIMUR,CAKUNG,PENGGILINGAN,19179,20664,24129,946,1122,104,90,0,15,0,1,21,23,1,23725,301,27,44,2454,10,0,1,3,0,0,0,1,0,0,9,0,0,1,0,10,21,1,0,0,0,1,6,0,55,2,0,0,1,0,0,0,0,0,0,0,0,0,0,0,0,0,0,0,57,1.015,7,23,2,2,1,1,89,39,77,4,0,0,0,23,0,349,0,0,1.056,0,0,0,8479,322,0
2014,PROVINSI DKI JAKARTA,JAKARTA TIMUR,CAKUNG,CAKUNG TIMUR,11735,11472,14244,316,443,75,69,41,158,0,0,11,13,3,18582,51,3,14,410,3,0,1,2,0,0,0,0,0,0,0,0,0,0,0,0,6,0,0,0,0,0,6,0,15,0,0,0,0,0,0,0,0,0,0,0,0,0,0,0,0,0,0,0,17,832,1,6,2,0,0,1,32,17,74,1,0,0,0,11,0,182,0,0,389,0,0,0,3373,274,0
2014,PROVINSI DKI JAKARTA,JAKARTA TIMUR,CAKUNG,PULO GEBANG,14962,18744,25040,1241,1340,274,115,1,1,0,1,25,30,3,23586,310,8,56,1021,4,0,0,11,0,0,1,0,0,0,0,0,0,0,0,2,30,0,0,1,0,0,27,0,29,1,1,0,3,0,0,0,0,0,0,0,0,0,0,0,0,0,0,0,84,1.064,3,28,5,3,2,3,142,45,83,4,2,0,0,29,2,422,0,0,511,0,0,0,7880,633,0
2014,PROVINSI DKI JAKARTA,JAKARTA TIMUR,CAKUNG,UJUNG MENTENG,5535,6197,7425,302,376,43,36,2,19,0,0,3,5,3,7748,90,2,25,431,4,0,0,0,0,0,1,0,0,0,1,0,0,1,0,4,7,0,0,1,0,1,11,1,13,2,0,0,2,0,0,0,0,0,0,0,0,0,0,0,0,0,0,0,30,330,0,10,4,2,1,1,56,13,22,1,0,0,0,22,1,96,0,0,244,0,0,6,2208,223,0
2014,PROVINSI DKI JAKARTA,JAKARTA TIMUR,CAKUNG,CAKUNG BARAT,12493,10927,13102,229,226,186,63,2,16,0,2,15,20,6,18546,55,1,19,567,1,1,0,1,0,0,0,0,0,0,1,0,1,0,0,3,9,0,0,0,0,0,39,0,19,0,0,0,0,0,0,0,0,0,0,0,0,0,0,0,0,0,1,0,14,477,0,3,1,0,1,0,20,25,46,3,0,0,0,17,0,302,0,0,578,0,0,0,5033,419,0
2014,PROVINSI DKI JAKARTA,JAKARTA TIMUR,DUREN SAWIT,DUREN SAWIT,9591,12375,16356,1505,1307,41,58,6,2,0,0,5,8,3,15412,495,22,72,1639,3,1,0,36,0,0,0,0,0,0,2,0,0,0,1,16,21,0,0,0,1,0,21,0,49,6,0,0,4,1,0,0,0,0,0,0,0,0,0,0,0,0,1,0,169,665,10,49,16,8,5,16,255,20,58,4,4,0,0,13,0,287,0,0,389,0,0,3,5276,289,0
2014,PROVINSI DKI JAKARTA,JAKARTA TIMUR,DUREN SAWIT,PONDOK BAMBU,10886,12010,15654,1419,1536,94,67,2,9,0,1,18,23,4,16203,375,13,51,1149,1,0,0,17,1,0,0,2,0,0,8,0,1,0,0,8,29,0,0,0,1,0,14,1,64,0,0,0,0,0,0,0,0,1,0,0,0,0,0,0,0,0,0,0,94,697,7,30,8,7,0,12,222,36,44,6,4,0,0,15,0,329,0,0,562,0,0,0,5269,386,1
2014,PROVINSI DKI JAKARTA,JAKARTA TIMUR,DUREN SAWIT,KLENDER,13700,15163,18057,914,997,66,75,6,2,0,0,26,22,5,18462,203,8,22,2583,3,0,0,8,0,0,0,0,0,0,7,0,0,1,0,11,18,0,0,0,0,0,21,0,33,2,0,0,0,0,1,0,0,1,0,0,0,0,0,0,0,0,1,0,87,728,8,18,1,3,2,5,136,18,56,6,0,0,0,12,0,422,0,1,1.009,0,0,0,5894,482,0
2014,PROVINSI DKI JAKARTA,JAKARTA TIMUR,DUREN SAWIT,PONDOK KELAPA,11115,12935,18197,1961,2044,82,82,2,8,0,1,23,25,7,17331,488,24,50,797,6,1,0,18,0,0,0,1,0,0,8,0,0,0,0,5,22,0,0,0,2,1,27,0,68,4,1,0,6,0,1,0,0,0,0,0,0,0,0,0,0,0,0,0,143,813,13,61,19,9,3,26,358,33,45,7,3,0,0,12,2,183,0,0,249,0,0,2,6822,811,1
2014,PROVINSI DKI JAKARTA,JAKARTA TIMUR,DUREN SAWIT,MALAKA SARI,5278,5105,7431,1375,1135,59,35,0,1,0,0,4,3,1,8658,314,14,34,150,0,0,0,11,0,0,0,0,0,0,0,0,0,0,0,2,15,0,0,0,0,0,13,0,45,1,0,0,0,0,0,0,0,0,1,0,0,0,0,0,0,0,0,0,76,576,1,17,4,2,0,4,114,11,35,5,0,0,0,18,0,28,0,2,116,0,0,0,1882,169,0
2014,PROVINSI DKI JAKARTA,JAKARTA TIMUR,DUREN SAWIT,MALAKA JAYA,5808,5783,8280,1622,1273,53,46,2,1,0,0,2,9,2,9838,225,9,52,144,0,0,0,10,0,0,0,1,0,0,0,0,0,1,0,6,12,0,0,0,0,0,17,0,49,2,0,0,1,0,0,0,0,0,0,0,0,0,0,0,0,0,0,0,56,687,3,23,4,3,0,6,55,9,59,14,1,0,0,18,1,50,0,0,164,0,0,0,1890,134,0
2014,PROVINSI DKI JAKARTA,JAKARTA TIMUR,DUREN SAWIT,PONDOK KOPI,6433,6977,8837,797,731,42,49,1,3,0,0,6,11,1,8583,256,13,38,670,4,0,0,11,0,0,0,0,0,0,3,0,0,0,0,5,26,0,0,0,1,0,24,0,35,0,0,0,1,0,0,0,0,0,0,0,0,0,0,0,0,0,0,0,48,474,4,16,9,3,1,7,85,8,30,2,0,0,1,10,0,185,0,0,384,0,0,0,3273,143,0
2014,PROVINSI DKI JAKARTA,JAKARTA TIMUR,MAKASAR,MAKASAR,6482,7247,8744,729,768,139,125,2,4,0,1,4,7,5,9176,125,9,59,983,1,1,0,5,0,0,0,0,0,1,2,0,1,0,0,7,18,0,0,0,0,0,7,1,26,2,0,0,0,0,0,0,0,0,0,0,0,0,0,0,0,0,0,0,38,429,4,11,1,2,0,2,24,14,54,1,0,0,0,9,1,156,0,0,359,0,0,0,2271,203,0
2014,PROVINSI DKI JAKARTA,JAKARTA TIMUR,MAKASAR,PINANG RANTI,4899,5212,6546,313,422,118,94,0,1,0,0,3,0,4,6780,109,16,34,407,1,0,0,1,0,0,0,0,0,0,3,0,0,0,0,4,26,0,0,0,0,0,19,0,21,0,0,0,0,0,0,0,0,0,0,0,0,0,0,0,0,0,0,0,38,273,0,12,0,1,0,4,32,11,51,0,0,0,0,9,0,76,0,0,24,0,0,0,2371,85,0
2014,PROVINSI DKI JAKARTA,JAKARTA TIMUR,MAKASAR,KEBON PALA,8976,9934,11233,870,877,190,127,2,1,0,1,6,11,1,13500,137,3,29,1461,0,0,0,3,0,0,0,0,0,0,0,0,0,0,0,0,18,0,0,0,0,0,21,0,45,1,0,0,1,0,0,0,0,0,1,0,0,0,0,0,0,0,0,0,34,597,6,13,1,1,0,10,55,29,82,3,0,0,0,20,0,167,0,0,129,0,0,1,3386,319,0
2014,PROVINSI DKI JAKARTA,JAKARTA TIMUR,MAKASAR,HALIM PERDANA KUSUMAH,5449,5254,8847,424,1025,5175,120,1,1,0,0,0,5,0,5222,120,4,46,184,0,0,0,6,0,0,0,0,0,0,3,0,0,0,0,2,5,0,0,0,0,1,2,0,7,0,0,0,0,0,0,0,0,0,0,0,0,0,0,0,0,0,0,0,22,419,11,6,6,1,1,2,100,31,114,4,1,0,0,2,1,23,0,0,49,0,0,0,792,114,0
2014,PROVINSI DKI JAKARTA,JAKARTA TIMUR,MAKASAR,CIPINANG MELAYU,7213,8287,11907,1017,1039,122,70,4,8,0,1,11,19,1,12304,232,6,19,725,3,0,0,10,0,0,0,0,0,0,10,0,1,0,0,3,21,0,0,0,0,0,12,0,34,2,0,0,3,0,0,0,0,0,0,0,0,0,0,0,0,0,1,0,84,586,9,29,9,5,0,2,141,17,35,0,3,1,1,10,0,127,0,0,347,0,0,0,2853,257,0
2014,PROVINSI DKI JAKARTA,JAKARTA TIMUR,CIRACAS,CIRACAS,12006,13398,16454,593,1101,224,607,23,9,0,1,11,9,5,18079,109,6,41,998,4,0,0,2,0,1,0,0,0,0,8,0,1,0,0,12,16,0,0,1,0,0,17,0,27,6,0,0,0,0,0,0,0,0,0,1,0,0,0,0,0,0,0,0,38,836,0,9,3,2,0,3,57,32,104,3,0,0,0,11,0,264,0,1,660,0,0,0,3877,426,0
2014,PROVINSI DKI JAKARTA,JAKARTA TIMUR,CIRACAS,CIBUBUR,12563,13639,16725,1117,1280,825,233,8,26,0,2,15,21,3,16631,245,20,49,1151,2,0,0,38,1,0,0,0,0,0,17,0,1,0,0,3,31,0,0,0,0,0,23,1,50,10,0,0,3,0,0,0,0,0,0,0,0,0,0,0,0,0,1,0,70,812,6,21,9,11,2,27,118,44,95,4,2,0,0,33,0,338,0,0,605,0,0,1,4402,271,0
2014,PROVINSI DKI JAKARTA,JAKARTA TIMUR,CIRACAS,KELAPA DUA WETAN,8370,9073,11287,729,1154,353,259,0,3,0,4,4,12,1,11515,127,8,24,1026,1,0,0,8,0,0,0,0,0,0,1,0,0,0,0,4,29,0,0,0,0,0,35,0,28,1,0,0,0,0,0,0,0,0,1,0,0,0,0,0,0,0,0,0,46,722,6,15,3,2,1,2,70,31,65,1,0,0,0,21,0,186,0,0,217,0,0,4,2976,188,0
2014,PROVINSI DKI JAKARTA,JAKARTA TIMUR,CIRACAS,SUSUKAN,7098,7769,9109,341,562,91,118,0,2,0,1,2,11,1,11075,61,3,18,275,1,0,0,6,0,0,0,0,0,0,1,0,0,0,0,2,5,0,0,0,0,0,7,0,23,1,0,0,0,1,0,0,0,0,0,0,0,0,0,0,0,0,0,0,21,436,0,8,0,0,0,0,33,26,51,0,0,0,0,9,0,247,0,0,540,0,0,0,3017,157,0
2014,PROVINSI DKI JAKARTA,JAKARTA TIMUR,CIRACAS,RAMBUTAN,7597,7638,8998,477,664,101,309,1,2,0,0,4,11,0,8904,103,20,44,500,0,1,0,7,0,0,0,0,0,0,2,0,0,0,0,4,9,0,0,0,1,1,7,0,22,0,0,0,0,0,0,0,0,0,0,0,0,0,0,0,0,0,0,0,29,474,1,2,0,0,0,2,64,22,40,0,0,0,0,9,1,192,0,0,827,0,0,0,3162,169,0
2014,PROVINSI DKI JAKARTA,JAKARTA TIMUR,CIPAYUNG,CIPAYUNG,4800,4611,6375,309,668,311,68,1,7,0,0,0,3,1,6174,69,6,33,198,0,0,0,5,0,0,0,0,0,0,0,0,0,0,0,3,16,0,0,0,0,0,18,0,18,0,0,0,2,0,0,0,0,0,0,0,0,0,0,0,0,0,0,0,39,341,0,8,2,2,0,5,45,14,32,5,1,0,1,5,1,42,0,0,155,0,0,1,2017,80,0
2014,PROVINSI DKI JAKARTA,JAKARTA TIMUR,CIPAYUNG,CILANGKAP,4798,4993,7110,181,613,365,92,0,2,0,0,0,8,5,5901,68,6,17,168,18,0,0,2,0,0,1,0,0,0,2,0,0,1,1,2,13,0,0,0,1,0,2,0,13,0,0,0,0,0,0,0,0,0,1,0,0,0,0,0,0,0,0,0,30,361,0,16,5,0,0,2,26,17,48,2,0,0,0,10,1,125,0,0,148,0,0,0,1982,90,0
2014,PROVINSI DKI JAKARTA,JAKARTA TIMUR,CIPAYUNG,PONDOK RANGGON,3889,5130,7021,173,707,241,78,0,10,0,0,3,1,1,5108,51,2,36,516,2,0,0,5,0,0,0,0,0,0,0,0,0,0,0,3,20,0,0,0,0,0,7,0,7,0,2,0,0,0,0,0,0,0,0,0,0,0,0,0,0,0,0,0,15,378,0,7,0,1,1,1,16,17,26,0,0,0,0,4,1,130,0,1,222,0,0,0,1464,53,0
2014,PROVINSI DKI JAKARTA,JAKARTA TIMUR,CIPAYUNG,MUNJUL,4340,4757,5798,388,586,121,458,20,10,1,0,3,4,2,4919,96,5,37,480,0,0,0,8,0,0,0,0,1,0,3,0,0,2,0,7,14,0,0,0,0,0,3,1,24,3,0,0,1,0,0,0,0,0,0,0,0,0,0,0,0,0,0,0,20,317,1,4,1,2,0,1,26,21,51,1,0,0,0,6,0,112,0,0,132,0,0,0,1686,177,0
2014,PROVINSI DKI JAKARTA,JAKARTA TIMUR,CIPAYUNG,SETU,3306,3842,5009,174,449,128,54,9,20,0,1,4,11,12,4010,80,4,14,201,0,1,0,2,0,0,0,1,0,0,3,0,0,0,0,3,15,0,0,0,0,0,2,0,14,1,0,1,0,0,0,0,0,0,0,0,0,0,0,0,0,0,0,0,22,192,3,7,3,1,0,4,36,6,14,2,0,0,0,4,0,41,0,0,196,0,0,0,1561,155,0
2014,PROVINSI DKI JAKARTA,JAKARTA TIMUR,CIPAYUNG,BAMBU APUS,4692,5042,6335,294,797,126,75,5,25,0,0,3,5,4,6259,114,4,60,312,3,0,0,3,1,0,0,0,0,0,0,0,0,0,0,0,8,0,0,0,0,0,7,0,18,0,0,0,1,0,0,0,0,0,1,0,0,0,0,0,0,0,2,0,31,271,1,8,0,1,0,5,60,7,18,0,3,0,0,5,0,39,0,0,76,0,0,0,1920,111,0
2014,PROVINSI DKI JAKARTA,JAKARTA TIMUR,CIPAYUNG,LUBANG BUAYA,11369,12516,16339,795,1335,402,149,0,0,0,0,5,10,0,17237,193,11,41,682,0,0,0,0,0,0,0,0,0,1,5,0,0,0,0,6,38,0,0,0,1,0,10,0,41,4,1,0,0,0,0,0,0,0,0,0,0,0,0,0,0,0,2,0,51,881,4,17,1,2,0,3,50,28,83,1,0,0,0,24,0,172,0,1,369,0,0,0,4198,152,0
2014,PROVINSI DKI JAKARTA,JAKARTA TIMUR,CIPAYUNG,CEGER,3315,3514,4769,263,395,98,69,2,1,0,0,5,13,0,4487,87,6,10,120,2,0,0,1,0,0,0,0,0,0,1,0,0,0,0,2,7,0,0,0,0,0,3,0,15,0,0,0,0,0,0,0,0,0,0,0,0,0,0,0,0,0,2,0,14,224,3,9,1,1,0,1,28,9,37,2,0,0,0,1,0,62,0,1,107,0,0,0,1506,129,0
